plotID;treeID;Species;N;C;CN;N_mass;C_mass;P;NP;CP;K;Mg;Ca;Na;Fe;Al;Mn;Si
KBPL1;1008;Neoboutonia Macrocalyx ;4.15;50.18;12.09;41500;501800;2196.8;18.89111435;228.423161;17685.58;4106.51;8703.87;213.01;75.94;40.75;61.13;407.5
KBPL1;1015;Neoboutonia Macrocalyx;3.9;47.73;12.24;39000;477300;3191.47;12.22007414;149.5549073;16294.75;2954.51;6360.6;147.6;818.29;316.26;142.96;498.6
KBPL1;1017;Neoboutonia Macrocalyx;3.61;47.84;13.25;36100;478400;2526.85;14.28656232;189.326632;13736.11;3834.16;7767.3;61.63;719.02;420.21;253.99;588.29
KBPL1;1023;Allophylus Kivuensis;3.75;48.13;12.84;37500;481300;3455.39;10.85260998;139.2896316;10526.61;3033.72;5698.03;29.85;848.92;466.44;722.05;615.7
KBPL1;1024;Allophylus Kivuensis;4.52;46.49;10.28;45200;464900;3446.51;13.11471605;134.8900772;28754.37;3510.83;5899.93;37.83;1034.71;389.67;875.82;552.35
KBPL1;1041;Agauria Salicifolia;2.66;46.02;17.31;26600;460200;1786.19;14.89203276;257.6433638;4807.34;1771.47;11244.82;67.98;692.04;303.21;2219.33;1481.44
KBPL1;1062;Dombeya Goetzenii;3.45;44.7;12.96;34500;447000;2211.67;15.59907219;202.109718;23499.9;7070.11;10074.1;41.8;976.63;1058.33;3988.22;478.81
KBPL1;1063;Dombeya Goetzenii;3.49;46.47;13.32;34900;464700;2080.06;16.77836216;223.4070171;21529.58;5538.93;6878.77;35.6;792.06;780.56;2828.68;421.95
KBPL1;1075;Allophylus Kivuensis;3.56;49.2;13.84;35600;492000;2515.35;14.15309997;195.599022;11940.06;2291.33;4745.76;27.51;905.92;334.07;548.27;495.21
KBPL4;1088;Neoboutonia Macrocalyx;3.94;48.72;12.35;39400;487200;2682.5;14.68779124;181.6216216;13856.7;2869.83;5390.11;46.35;845.89;424.87;206.64;614.14
KBPL4;1091;Tabernaemontana Johnstonii;3.02;47.14;15.62;30200;471400;1894.1;15.94424793;248.8780951;18077.68;4017.68;5170.7;22.57;442.02;468.35;2281.58;250.16
KBPL4;1092;Tabernaemontana Johnstonii;3.19;48.75;15.3;31900;487500;1769.84;18.02422818;275.4486281;16171.07;3904.35;3553.05;15.27;439.12;486.85;2000.86;242.47
KBPL4;1095;Myrianthus Holstii;2.17;41.13;18.97;21700;411300;932.92;23.26030099;440.8738155;5630.2;3106.52;7503.73;32.7;525.13;263.52;734.79;2960.33
KBPL4;1096;Myrianthus Holstii;2.23;43.32;19.45;22300;433200;929.44;23.99294199;466.0871062;3256.82;3896.52;7311.38;35.75;526.81;237.06;754.47;2824.08
KBPL4;1097;Myrianthus Holstii;2.69;45.48;16.92;26900;454800;1004.98;26.76670182;452.5463193;9444.8;2421.79;3253.36;17.73;504.46;285.73;228.58;2138.04
KBPL4;1126;Allophylus Kivuensis;4.61;46.25;10.04;46100;462500;4347.45;10.60391724;106.3842022;21358.82;3465.03;5146.2;22.82;735.99;226.31;1403.51;528.69
KBPL4;1127;Allophylus Kivuensis;4.62;46.94;10.16;46200;469400;3522.35;13.11624342;133.2633043;17600.23;4169.59;7023.58;40.33;585.78;341.86;1745.81;5131.8
KBPL4;1128;Allophylus Kivuensis;4.48;46.25;10.31;44800;462500;3605.78;12.42449623;128.2662836;16800.53;4665.97;8564.68;39.69;489.46;188.98;1999.43;655.77
KBPL4;1139;Macaranga Spinosa;2.52;47.33;18.81;25200;473300;1260.39;19.99381144;375.5186887;8110.87;1781.67;4502.8;27.23;495.99;219.79;1526.87;1155.36
KBPL4;1140;Macaranga Kilimandsharica;2.47;48.29;19.54;24700;482900;1259.13;19.61671948;383.5187788;8100.19;2086.94;4759.92;29.01;419.71;102.51;1972.83;738.84
KBPL4;1142;Agauria Salicifolia;3.27;48.76;14.91;32700;487600;1875.51;17.43525761;259.9826181;15146.58;2537.91;3300.44;23.11;321.57;140.57;261.88;161.75
KBPL4;1158;Neoboutonia Macrocalyx;3.35;46.44;13.86;33500;464400;2146.41;15.60745617;216.361273;15018.59;3850.12;10018.4;88.77;530.62;384.82;1042.62;530.14
KBPL4;1159;Neoboutonia Macrocalyx;4.08;48.19;11.81;40800;481900;2415.86;16.88839585;199.4734794;15738.88;2976.79;5994.2;52.22;386.85;177.95;558.99;574.47
KBPL4;1160;Tabernaemontana Johnstonii;3.12;45.82;14.66;31200;458200;1839.24;16.96352841;249.1246384;18751.87;5072.39;6302.55;33.95;569.15;653.02;3936.1;341.49
KBPL4;1161;Tabernaemontana Johnstonii;3.15;45.34;14.41;31500;453400;1572.76;20.02848496;288.2830184;11999.04;7758.33;9356.03;30.69;632.94;1137.38;7108.13;448.81
KBPL5;1186;Neoboutonia Macrocalyx;3.83;48.29;12.62;38300;482900;3078.94;12.43934601;156.8396916;17612.65;2927.33;4623.09;48.66;434.23;190.91;183.43;501.61
KBPL5;1187;Neoboutonia Macrocalyx;3.9;48.98;12.57;39000;489800;2892.1;13.48501089;169.357906;15670.52;3215.8;5639.69;57.8;379.58;186.9;190.75;508.67
KBPL5;1203;Tabernaemontana Johnstonii;3.23;46.27;14.32;32300;462700;1750.53;18.45155467;264.3199488;14670.4;7944.38;7032.11;30.01;478.14;1314.39;4231.27;362.11
KBPL5;1204;Tabernaemontana Johnstonii;3.41;45.39;13.33;34100;453900;1961.9;17.38111015;231.3573577;19965.88;8194.48;7766.09;30.33;435.98;1116.48;2833.85;399.96
KBPL5;1205;Tabernaemontana Johnstonii;3.54;44.64;12.6;35400;446400;2046;17.30205279;218.1818182;27227.5;6482.74;7530.1;37.47;355.99;966.79;2180.9;312.9
KBPL5;1211;Allophylus Kivuensis;4.18;45.3;10.83;41800;453000;2787.14;14.99745259;162.5322015;24171.13;5357.96;6470.14;21.06;411.56;147.4;727.41;493.87
KBPL5;1218;Dombeya Goetzenii;3.88;45.54;11.75;38800;455400;3521.21;11.01893951;129.3305426;41556.91;3321.62;8051.94;34.93;534.24;310.63;229.95;366.59
KBPL5;1225;Allophylus Kivuensis;4.95;46.26;9.34;49500;462600;3913.09;12.64984961;118.2185945;22556.29;3533.58;3799.04;33.43;409.01;182.87;312.65;456.2
KBPL5;1226;Allophylus Kivuensis;4.28;46.55;10.87;42800;465500;2331.85;18.35452538;199.6269057;13283.37;5712.93;9211.65;39.84;443.98;166.97;707.71;508.49
KBPL5;1252;Dombeya Goetzenii;3.5;46.17;13.21;35000;461700;2562.91;13.65635157;180.1467863;31962.47;3425.43;9398.61;41.7;782.9;481.49;299.51;420.83
KBPL9;1262;Neoboutonia Macrocalyx;4.11;46.54;11.31;41100;465400;2853.54;14.40316239;163.0956636;12852.82;4787.2;8825.82;117.5;158.25;170.34;274.33;496.02
KBPL9;1277;Alangium Chinense;4.03;46.28;11.47;40300;462800;2855.34;14.11390587;162.0822739;18042.92;3943.36;8443.38;50.61;128.46;68.12;68.12;155.71
KBPL9;1278;Alangium Chinense;4.62;45.93;9.94;46200;459300;3086.33;14.96923531;148.8175276;18052.12;4280.1;10872.03;67.94;141.7;83.47;91.23;236.81
KBPL9;1279;Alangium Chinense;4.5;46.33;10.31;45000;463300;2808.1;16.02507033;164.9870019;16177.81;3965.07;11222.46;71.44;168.68;75.41;85.33;196.47
KBPL9;1280;Neoboutonia Macrocalyx;3.67;46.41;12.66;36700;464100;2492.89;14.721869;186.169466;10966.09;5998.97;10264.5;138.08;242.57;272.43;313.48;621.36
KBPL9;1294;Dombeya Goetzenii;4.61;43;9.33;46100;430000;4048.89;11.38583661;106.2019467;45448.36;4662.35;9479.99;57.51;318.24;235.8;218.55;383.42
KBPL9;1295;Myrianthus Holstii;2.64;45.12;17.07;26400;451200;1687.16;15.64759715;267.4316603;11764.37;3728.91;6369.27;30.5;215.42;181.11;156.32;1298.26
KBPL9;1308;Dombeya Goetzenii;4.42;45.35;10.27;44200;453500;2999.06;14.73795122;151.2140471;23136.66;6103.68;12578.7;73.52;307.26;248.82;363.81;422.24
KBPL9;1320;Trichylia Volkensii;3.07;47.54;15.48;30700;475400;1547.69;19.83601367;307.167456;6194.62;2754.88;4954.54;21.28;174.11;147.03;472.04;918.94
KBPL9;1321;Myrianthus Holstii;2.52;42.86;17.01;25200;428600;1338.12;18.83239171;320.3001226;8222.16;3818.93;7141.29;41.88;584.31;450.69;299.13;1439.82
KBPL9;1349;Dombeya Goetzenii;3.83;45.35;11.85;38300;453500;2682.38;14.27836474;169.066277;18759.4;5086.94;11338.79;55.56;433.01;327.63;327.63;494.32
KBPL7;1403;Dombeya Goetzenii;4.52;44.86;9.92;45200;448600;2696.21;16.76427281;166.3816988;22626.74;6888.92;13162.16;61.57;595.02;364.93;73.89;581.69
KBPL7;1404;Neoboutonia Macrocalyx;3.31;45.56;13.78;33100;455600;3172.48;10.43347791;143.6100464;14525.19;8567.83;10912.79;89.15;300.39;170.54;56.2;501.94
KBPL7;1405;Neoboutonia Macrocalyx;3.55;45.4;12.78;35500;454000;3319.86;10.693222;136.7527546;17746.49;7689.89;9345.07;76.1;254.93;152.2;45.66;481.33
KBPL7;1411;Dombeya Goetzenii;3.83;41.66;10.88;38300;416600;3222.68;11.88451848;129.2712897;36649.53;8262.37;16854.19;99.84;431.29;289.52;109.82;531.12
KBPL7;1425;Alangium Chinense;3.82;45.1;11.8;38200;451000;2839.86;13.45136732;158.8106456;18323.73;4166.67;11211.6;105.61;222.73;78.73;28.8;170.89
KBPL7;1426;Alangium Chinense;4.09;44.84;10.97;40900;448400;3409.89;11.99452182;131.4998431;22632.21;4815.65;10315.96;88.22;172.6;88.22;28.77;195.62
KBPL7;1427;Alangium Chinense;3.85;44.12;11.46;38500;441200;3681.84;10.45672816;119.8313887;22655.85;5849.13;11807.7;93.8;291.19;105.53;33.22;244.28
KBPL7;1434;Maesa Lanceolata;3.42;47.89;14.01;34200;478900;2973.74;11.50066919;161.0429964;24283.31;5346.18;8202.36;44.33;331.49;159.96;204.29;256.32
KBPL7;1439;Maesa Lanceolata;3.11;48.59;15.61;31100;485900;2424.7;12.82632903;200.3959253;21380.94;2958.89;6465.24;35.99;248.15;96.61;73.88;170.49
KBPL7;1442;Maesa Lanceolata;3.56;47.21;13.25;35600;472100;2772.82;12.8389149;170.2598798;29702.91;3337.86;6982.52;25.24;205.83;91.26;97.09;166.99
KBPL8;1462;Allophylus Kivuensis;4.34;49.15;11.33;43400;491500;2445.61;17.7460838;200.9723545;14069.36;2228.98;3171.5;17.1;241.33;133.02;535.87;476.96
KBPL8;1463;Allophylus Kivuensis;4.42;47.24;10.69;44200;472400;2471.04;17.88720539;191.1745662;17082.62;3236.47;5975.31;34.19;214.62;123.46;1094.02;442.55
KBPL8;1464;Allophylus Kivuensis;4.59;47.7;10.39;45900;477000;2734.87;16.78324747;174.4141403;16633.79;3755.96;4731.75;24.54;235.93;134.01;687.02;385.03
KBPL8;1479;Maesa Lanceolata;3.38;48.65;14.41;33800;486500;1739.05;19.43589891;279.7504385;12958.96;2461.74;7587.36;30.51;154.45;106.78;450.02;158.27
KBPL8;1480;Maesa Lanceolata;3.05;48.5;15.89;30500;485000;1849.91;16.48728857;262.1749166;23880.16;2210.59;7572.23;27.15;230.75;195.85;585.61;257.9
KBPL8;1482;Macaranga Kilimandsharica;3.33;45.11;13.54;33300;451100;1616.89;20.59509305;278.9923866;10966.32;3190.77;6968.08;33.24;385.16;322.6;1161.35;621.73
KBPL8;1483;Dombeya Goetzenii;4.18;46.27;11.07;41800;462700;2501.73;16.70843776;184.9520132;17375.66;4760.21;11818.45;47.46;284.78;176.01;686.25;444.97
KBPL8;1484;Dombeya Goetzenii;3.68;44.91;12.21;36800;449100;2386.14;15.42239768;188.2119239;17592.08;3948.51;9704.95;49.5;322.77;190.1;548.51;491.09
KBPL8;1493;Neoboutonia Macrocalyx;4.15;48.11;11.6;41500;481100;3000.85;13.829415;160.3212423;15582.08;3762.43;6515.11;60.62;147.77;102.3;301.22;287.96
KBPL8;1494;Neoboutonia Macrocalyx;4;47.66;11.9;40000;476600;2330.9;17.16075336;204.4703762;13011.89;4250.63;8177.76;70.88;185.44;192.39;410.74;386.26
KBPL8;1495;Macaranga Spinosa;2.51;46.29;18.45;25100;462900;1333.46;18.82321179;347.1420215;8780.11;2651.26;6285.49;17.62;146.86;90.07;1979.64;573.72
KBPL8;1496;Macaranga Spinosa;2.57;46.1;17.97;25700;461000;1318.59;19.49051638;349.6158776;8118.59;2534.67;6030.15;24.12;211.06;184.92;1559.8;4207.04
KBPL8;1503;Tabernaemontana Johnstonii;3.63;44.97;12.39;36300;449700;1891.57;19.19040797;237.739021;26041.83;4849.4;6027.61;22.77;206.8;516.06;2523.36;210.6
KBPL8;1510;Tabernaemontana Johnstonii;3.43;46.75;13.65;34300;467500;1637.96;20.94068231;285.4160053;16810.44;5253.62;5551.6;26.57;216.37;707.95;2089.68;280.9
KBPL8;1511;Tabernaemontana Johnstonii;3.53;47.1;13.33;35300;471000;1749.44;20.17788549;269.2290104;15523.56;5397.2;5663.63;23.51;209.62;773.83;2194.14;284.06
KBPL8;1512;Tabernaemontana Johnstonii;3.76;44.56;11.86;37600;445600;2104.25;17.86859926;211.7619104;25990.35;5200.77;6806.95;28.96;175.68;693.05;2704.63;216.22
KBPL11;1755;Dombeya Goetzenii;4.25;45.77;10.78;42500;457700;3574.05;11.89127181;128.0620025;24166.42;3587.91;11904.9;29.72;186.23;103.02;71.32;404.16
KBPL11;1759;Dombeya Goetzenii;3.79;44.67;11.79;37900;446700;3676.26;10.30939052;121.5093601;24207.77;3138.72;16486.81;36.24;215.42;140.93;116.77;414.74
KBPL11;1764;Maesa Lanceolata;3.29;48.7;14.81;32900;487000;2926.97;11.24029286;166.3836664;24268.99;2272;8868.37;27.21;180.75;108.84;71.91;153.54
KBPL11;1765;Neoboutonia Macrocalyx;4.04;45.32;11.21;40400;453200;4156.2;9.720417689;109.0419133;23830.21;4357.12;12494.21;51.21;161.52;98.49;61.06;254.1
KBPL11;1766;Maesa Lanceolata;3.17;47.25;14.92;31700;472500;3038.71;10.43205834;155.4936141;24702.11;2324.51;8885.9;26.36;301.57;149.88;119.59;225.85
KBPL11;1768;Maesa Lanceolata;3.05;47.49;15.58;30500;474900;2779.31;10.97394677;170.8697482;22597.69;2877.26;11835.53;38.77;236.71;159.17;114.27;232.63
KBPL11;1770;Cassipourea Ruwensorensis;2.14;46.14;21.56;21400;461400;2358.25;9.074525602;195.6535567;9058;2221.89;14311.93;40.11;212.56;186.49;12.03;242.64
KBPL11;1789;Maesa Lanceolata;3.19;48.28;15.15;31900;482800;2988.06;10.67582311;161.5764074;20846.52;1704.69;6700.32;21.36;166.97;137.85;85.43;157.27
KBPL11;1790;Cassipourea Ruwensorensis;2.55;45.9;18;25500;459000;3143.24;8.112648096;146.0276657;10003.87;2375.8;12876.47;34.8;214.58;144.98;13.53;199.11
KBPL11;1791;Cassipourea Ruwensorensis;1.6;48.67;30.5;16000;486700;1786.96;8.953753861;272.3620003;7459.19;2821.02;5277.86;22.64;247.19;228.32;179.26;443.44
KBPL11;1793;Neoboutonia Macrocalyx;3.07;46.18;15.06;30700;461800;2875.28;10.677221;160.6104449;13732.57;3615.1;11721.07;57.99;181.95;147.96;35.99;379.91
KBPL11;1795;Xymalos Monospora;2.7;43.39;16.05;27000;433900;2393.8;11.27913777;181.2599215;20658.35;5921.08;9329.58;24.16;221.46;459.03;120.8;1117.37
KBPL11;1798;Xymalos Monospora;2.58;41.71;16.15;25800;417100;2062.73;12.50769611;202.2077538;16637.5;5287.58;13984.86;74.72;300.86;1095.27;306.75;1482.65
KBPL12;1816;Cassipourea Ruwensorensis;2.01;46.38;23.04;20100;463800;1185.87;16.94958132;391.1052645;8761.7;4002.55;6621.26;33.32;194.05;162.69;548.83;276.38
KBPL12;1818;Cassipourea Ruwensorensis;1.63;48.45;29.67;16300;484500;1145.39;14.23096063;423.0000262;7245.78;2727.75;6624;32.73;154;113.58;598.68;221.38
KBPL12;1821;Cassipourea Ruwensorensis;2.25;46.46;20.69;22500;464600;1293.76;17.39116992;359.1083354;6887.59;4023.37;9533.07;37.39;278.57;244.92;448.7;329.05
KBPL12;1822;Agauria Salicifolia;1.73;50.44;29.16;17300;504400;856.14;20.20697549;589.1559792;6627.55;2213.56;4900.26;30.04;180.24;214.03;820.46;390.52
KBPL12;1826;Neoboutonia Macrocalyx;3.66;47.63;13;36600;476300;2974;12.3066577;160.1546738;15734;3678;8784;70;268;214;166;630
KBPL12;1827;Neoboutonia Macrocalyx;3.45;48.11;13.96;34500;481100;2889.47;11.93990593;166.501123;11291.7;4767.61;8987.15;61.49;199.58;241.28;227.91;520.75
KBPL12;1829;Dombeya Goetzenii;4.39;47.3;10.77;43900;473000;2552.99;17.19552368;185.2729545;17049.52;3476.37;9058.21;33.99;154.84;96.3;158.62;347.45
KBPL12;1830;Dombeya Goetzenii;4.45;46.33;10.41;44500;463300;3195;13.92801252;145.0078247;23683;3586.94;9492.8;36.5;228.63;147.93;153.7;443.8
KBPL12;1840;Neoboutonia Macrocalyx;3.55;47.53;13.4;35500;475300;2775.86;12.78882941;171.2262146;15000.47;3837.33;9390.92;76.49;184.68;192.15;214.53;544.73
KBPL12;1845;Dombeya Goetzenii;4.15;46.31;11.16;41500;463100;3362.16;12.34325553;137.7388346;24505.1;3122.55;7808.32;36.71;187.43;98.55;204.82;351.67
KBPL6;1887;Allophylus Kivuensis;4.34;47.62;10.99;43400;476200;2925.35;14.83583161;162.7839404;18450.34;4071.29;7915.66;39.71;336.6;130.48;181.53;3154.16
KBPL6;1893;Macaranga Kilimandsharica;2.35;47.16;20.06;23500;471600;1320.31;17.79885027;357.188842;5248.05;3623.05;5892.58;52.73;332.03;136.72;412.11;958.98
KBPL6;1896;Allophylus Kivuensis;3.3;47.03;14.27;33000;470300;2159.43;15.28181048;217.7889536;11868.3;5571.07;6914.76;60.99;377.38;194.41;360.22;493.64
KBPL6;1898;Allophylus Kivuensis;4.22;44.52;10.56;42200;445200;3327.23;12.68322298;133.8049969;22675.28;8810.88;13625.23;79.08;511.14;291.25;457.13;578.65
KBPL6;1900;Alangium Chinense;3.68;45.86;12.48;36800;458600;3199.39;11.50219261;143.3398242;21448.89;2827.15;7315.07;53.45;330.25;143.17;32.45;284.43
KBPL6;1909;Neoboutonia Macrocalyx;4.11;47.24;11.49;41100;472400;2837.56;14.48427522;166.4810612;14702.43;5404.87;7998.01;99.35;353.7;156.98;81.47;431.2
KBPL6;1914;Neoboutonia Macrocalyx;4.01;44.45;11.08;40100;444500;3669.93;10.92663893;121.1194764;12516.96;8975.13;13287.49;275.06;290.13;188.39;135.64;482.29
KBPL6;1923;Dombeya Goetzenii;4.32;44.74;10.35;43200;447400;3067.48;14.08322141;145.8526217;25190.38;5196.22;12491.97;52.59;311.62;165.55;105.17;687.51
KBPL6;1924;Dombeya Goetzenii;4.49;44.97;10.02;44900;449700;2810.78;15.97421356;159.9911768;23377.26;5550.75;11492.92;59.01;544.85;479.94;112.12;3406.77
KBPL6;1926;Allophylus Kivuensis;3.81;46.57;12.23;38100;465700;2724.23;13.98560327;170.947387;7349.48;7433.71;10975.4;74.66;484.35;252.7;260.36;606.87
KBPL6;1947;Dombeya Goetzenii;4.26;43.04;10.09;42600;430400;3601.67;11.82784653;119.5001208;32616.29;5323.71;18689.96;96.83;717.68;368.33;208.85;601.86
KBPL6;1950;Macaranga Kilimandsharica;2.48;45.12;18.17;24800;451200;1379.57;17.9766159;327.0584313;3715.21;5035.6;7019.88;59.18;445.68;353.21;582.52;5664.36
KBPL6;1951;Macaranga Kilimandsharica;2.13;43.89;20.56;21300;438900;1422.39;14.97479594;308.5651615;3658.12;6030.06;10363.38;68.1;428.08;317.17;1251.16;1241.43
KBPL6;1954;Dombeya Goetzenii;4.07;44.02;10.81;40700;440200;3406.89;11.94637925;129.2087505;22967.44;6708.83;17784.02;56.22;451.63;251.11;131.18;595.92
KBPL10;1960;Alangium Chinense;2.97;43.6;14.66;29700;436000;3362.23;8.833423056;129.6758401;22871.42;3816.8;13881.95;60.74;190.06;115.6;35.27;256.67
KBPL10;1961;Alangium Chinense;3.34;46.11;13.82;33400;461100;2331.33;14.32658611;197.7840975;12747.3;3316.18;11623.95;63.48;121.18;59.63;32.7;207.74
KBPL10;1963;Alangium Chinense;3.3;45.8;13.89;33000;458000;2861.06;11.53418663;160.0805296;14913.89;3485.32;12125.24;66.54;148.73;84.15;31.31;209.39
KBPL10;1969;Neoboutonia Macrocalyx;4.19;46.78;11.17;41900;467800;2762.08;15.16972716;169.3651161;15390.34;5145.17;12674.35;69.7;160.88;95.09;51.45;318.23
KBPL10;1971;Dombeya Goetzenii;4.57;45.3;9.92;45700;453000;3334.48;13.70528538;135.8532665;28797.63;3226.03;10794.18;53.24;214.94;130.15;55.21;368.75
KBPL10;1976;Neoboutonia Macrocalyx;3.5;46.26;13.23;35000;462600;3647.17;9.596481656;126.838069;17594.86;3935.51;13106.03;62.34;140.28;91.57;109.1;377.97
KBPL10;1985;Neoboutonia Macrocalyx;3.81;47.53;12.48;38100;475300;2972.55;12.81727809;159.8963853;14321.57;4082.35;9574.51;60.78;145.1;84.31;66.67;258.82
NPL1;1998;Cleistanthus Polystachyus;2;49.93;24.96;20000;499300;1045.01;19.13857284;477.7944709;5452.05;1322.9;2913.89;15.66;178.08;176.13;639.92;1168.3
NPL1;2009;Cleistanthus Polystachyus;1.79;48.73;27.23;17900;487300;737.99;24.25507121;660.3070502;3110.55;841.68;2266.84;14.23;164.68;97.59;408.64;585.51
NPL1;2011;Syzygium Guineense;1.82;50.23;27.55;18200;502300;876.62;20.76156145;572.9962812;4143.66;2079.55;4257.58;32.82;295.42;799.38;382.31;498.17
NPL1;2026;Carapa Grandiflora;1.97;48.61;24.62;19700;486100;733.96;26.84069977;662.2976729;7409.8;2493.95;4972.74;24.66;223.79;180.17;385;305.34
NPL1;2029;Carapa Grandiflora;1.97;49.37;25;19700;493700;970.22;20.30467317;508.8536621;4291.07;962.33;3876.95;15.78;218.89;159.73;609.35;2443.31
NPL1;2034;Syzygium Guineense;1.69;46.43;27.46;16900;464300;930.05;18.17106607;499.220472;5250.1;2708.09;10840.17;25.4;252.05;281.36;209.07;457.21
NPL1;2038;Syzygium Guineense;1.95;51.05;26.16;19500;510500;693.9;28.10203199;735.6967863;4884.43;2314.29;5306.97;15.51;240.35;244.22;746.23;397.34
NPL1;2044;Carapa Grandiflora;1.8;48.92;27.17;18000;489200;841.86;21.38122728;581.0942437;11860.08;4421.71;7931.4;60.41;144.21;97.44;56.51;148.1
NPL1;2048;Cleistanthus Polystachyus;1.9;50.15;26.38;19000;501500;1761.89;10.78387414;284.6375199;19916.49;3505.45;12616.36;142.58;295.35;136.47;59.07;1042.88
NPL7;2051;Cleistanthus Polystachyus;2.22;47.92;21.55;22200;479200;964.32;23.02140368;496.9304795;4987.46;1064.65;3816.35;18.43;110.56;67.56;646.98;550.75
NPL7;2054;Pentadesma Reindersii;-9999;-9999;-9999;-99990000;-99990000;884.82;-113006.0351;-113006.0351;7195.9;1743.8;4129.84;21.87;212.76;167.02;178.95;2209.08
NPL7;2063;Cleistanthus Polystachyus;2.024;48.973;24.202;20240;489730;922.78;21.93372201;530.7115455;4953.29;1622.5;4543.37;17.16;181.12;144.9;59.1;877.03
NPL7;2075;Ocotea Usambarensis;2.082;50.99;24.494;20820;509900;985.5;21.12633181;517.4023338;5324.86;1559.71;3999.6;17.88;230.48;260.28;443.08;351.68
NPL7;2076;Pentadesma Reindersii;1.799;49.45;27.484;17990;494500;801.04;22.4583042;617.3224808;4765.64;2312.19;3970.4;27.09;255.41;224.45;963.58;334.74
NPL7;2077;Cleistanthus Polystachyus;1.332;45.419;34.098;13320;454190;1107.32;12.0290431;410.1705018;7652.96;1358.07;3434.3;16.05;174.52;124.37;948.85;1113.34
NPL7;2085;Cleistanthus Polystachyus;2.109;48.367;22.937;21090;483670;1546.29;13.63909745;312.7938485;14583.17;2354.98;12458.7;34.58;461.01;78.76;24.97;3309.64
NPL10;2125;Cleistanthus Polystachyus;-9999;-9999;-9999;-99990000;-99990000;825.12;-121182.3735;-121182.3735;4905.88;1660;20118.99;550.08;212.62;144.35;152.15;1068.96
NPL10;2131;Carapa Grandiflora;2.03;48.377;23.832;20300;483770;784.9;25.86316728;616.3460313;6514.88;2524.47;4134.21;17.97;261.63;864.79;459.36;385.46
NPL10;2133;Melchiora Schliebenii ;1.701;48.889;28.747;17010;488890;769.39;22.10842356;635.4254669;7546.83;3154.08;5619.34;24.17;145.02;128.9;364.55;239.68
NPL10;2145;Melchiora Schliebenii ;1.467;48.931;33.35;14670;489310;589;24.90662139;830.7470289;6712.69;2257.52;3062.81;13.52;139.04;272.29;461.55;142.91
NPL10;2160;Melchiora Schliebenii ;1.713;49.35;28.804;17130;493500;945.04;18.12621688;522.2001185;8011.07;3078.29;4737.05;19.77;225.39;1049.82;604.98;310.4
NPL10;2161;Carapa Grandiflora;2.111;48.398;22.924;21110;483980;2056.55;10.2647638;235.335878;11862.2;1961.51;3497.27;19.01;368.73;210.98;374.44;306.01
NPL10;2165;Carapa Grandiflora;1.643;49.228;29.956;16430;492280;802.36;20.47709258;613.5400568;7639.44;1086.49;2797.26;18.01;266.12;256.12;78.04;624.28
NPL10;2180;Syzygium Guineense;1.586;53.772;33.905;15860;537720;676.58;23.441426;794.7618907;6974.78;2608.83;4718.17;19.9;111.44;109.45;435.8;169.15
NPL10;2189;Syzygium Guineense;1.479;48.116;32.531;14790;481160;1081.24;13.67873923;445.0075839;6620.88;1964.29;6534.54;23.55;204.08;131.48;153.06;949.76
NPL11;2214;Syzygium Guineense;1.483;48.31;32.583;14830;483100;704.72;21.04381882;685.5204904;5820.23;2185.98;5123.28;29.12;335.86;298.97;429.04;427.1
NPL11;2215;Carapa Grandiflora;1.889;48.756;25.806;18890;487560;721.71;26.17394798;675.5622064;8270.79;2117.4;2079.63;13.92;274.37;192.85;180.92;324.07
NPL11;2218;Syzygium Guineense;1.663;48.468;29.153;16630;484680;875.97;18.98466842;553.3066201;10758.51;2631.89;3458.09;23.89;314.55;230.94;412.1;374.28
NPL11;2219;Carapa Grandiflora;2.023;49.201;24.317;20230;492010;996.32;20.30472137;493.8272844;7401.81;1514.1;2492.77;13.73;158.86;101.99;78.45;1204.22
NPL11;2224;Melchiora Schliebenii ;1.946;49.234;25.306;19460;492340;948.03;20.52677658;519.3295571;6689.24;2506.5;3701.85;13.74;235.54;720.35;327.79;300.31
NPL11;2238;Melchiora Schliebenii ;1.566;49.598;31.675;15660;495980;1063.37;14.72676491;466.4227879;8899.35;2470.08;4212.28;19.62;294.29;235.43;133.41;541.49
NPL11;2243;Symphonia Globulifera;2.028;48.06;23.699;20280;480600;845.26;23.99261766;568.582448;5475.96;3431.58;7291.85;34.38;497.45;477.23;780.55;446.89
NPL11;2252;Chionanthus Africanus ;-9999;-9999;-9999;-99990000;-99990000;582.06;-171786.4138;-171786.4138;7790.31;1220.01;3378.63;21.2;225.5;138.77;206.23;963.67
NPL11;2260;Chionanthus Africanus ;2.586;47.667;18.432;25860;476670;1195.15;21.63745137;398.8369661;12622.03;1893.3;4023.27;29.58;205.11;138.05;35.5;349.08
NPL11;2264;Chionanthus Africanus ;2.203;46.844;21.265;22030;468440;1430.64;15.39870268;327.4338757;10827.71;2104;4837.4;29.97;309.71;137.87;25.98;415.61
NPL11;2285;Syzygium Guineense;1.588;47.941;30.192;15880;479410;1894.52;8.382070393;253.0509047;13250.19;2239.15;14112.72;230.39;110.43;74.26;66.64;344.63
NPL11;2295;Melchiora Schliebenii ;1.677;49.655;29.609;16770;496550;683.73;24.52722566;726.2369649;5475.68;2920.49;4145.34;21.49;378.98;1662.43;529.4;390.7
NPL12;2310;Syzygium Guineense;1.331;48.158;36.193;13310;481580;708.57;18.78431207;679.6505638;8262.74;2330.67;3628.73;11.71;236.19;193.25;189.34;339.64
NPL12;2311;Syzygium Guineense;1.318;46.926;35.613;13180;469260;678.69;19.41976455;691.420236;3532.25;3952.57;7851.15;25.07;217.87;237.15;686.4;372.12
NPL12;2317;Ixora Burundiensis;-9999;-9999;-9999;-99990000;-99990000;588.32;-169958.526;-169958.526;7031.5;2282.29;4836.44;36.52;225.19;215.04;213.01;377.34
NPL12;2325;Ixora Burundiensis;1.757;48.104;27.382;17570;481040;876.27;20.05089755;548.9632191;6553.75;1253.55;2819.47;12.17;123.73;79.11;58.82;709.94
NPL12;2327;Ixora Burundiensis;1.91;48.84;25.57;19100;488400;1025.74;18.6207031;476.1440521;10186.32;2105.26;4652.32;24.97;180.56;142.14;34.58;249.71
NPL12;2336;Syzygium Guineense;1.493;48.65;32.592;14930;486500;69.95;213.4381701;6954.967834;487.92;291.58;722.47;2.55;20.97;25.47;88.18;39.39
NPL12;2354;Chionanthus Africanus ;-9999;-9999;-9999;-99990000;-99990000;1393.31;-71764.35969;-71764.35969;10412.08;1752.35;4842.92;20.4;177.48;128.52;26.52;391.68
NPL12;2355;Carapa Grandiflora;1.931;49.302;25.537;19310;493020;972.03;19.86564201;507.2065677;4171.79;1212.06;2608.61;15.87;222.18;142.83;297.56;1077.17
NPL12;2356;Chionanthus Africanus ;2.167;46.74;21.57;21670;467400;1399.36;15.48565058;334.0098331;11045.95;2713.04;6252.23;22.44;218.27;128.51;28.56;375.34
NPL12;2362;Chionanthus Africanus ;1.923;47.067;24.474;19230;470670;1062.69;18.09558761;442.9043277;8145.32;2570.19;9405.25;44.28;410.59;438.76;36.23;565.56
NPL12;2366;Carapa Grandiflora;1.59;45.531;28.63;15900;455310;877.64;18.1167677;518.7890251;6596.54;2023.7;2233.12;11.42;192.28;148.49;462.61;236.07
NPL8;2396;Pentadesma Reindersii;2.161;46.952;21.724;21610;469520;782.55;27.61484889;599.9872213;5609.62;2695.01;3970.65;13.97;385.29;972.2;828.47;497.08
NPL8;2442;Cleistanthus Polystachyus;2.805;46.767;16.673;28050;467670;851.58;32.93877263;549.1791728;9832.19;2885.34;4826.93;28.05;180.33;146.27;939.74;1556.88
NPL8;2443;Cleistanthus Polystachyus;1.755;47.297;26.954;17550;472970;806;21.77419355;586.8114144;4322;1396;4536;20;318;204;798;752
NPL8;2444;Cleistanthus Polystachyus;2.171;47.973;22.092;21710;479730;965.54;22.48482714;496.8515028;4206.3;1259.98;4154.68;19.12;395.77;273.41;890.97;682.57
NPL8;2464;Cleistanthus Polystachyus;1.912;50.75;26.537;19120;507500;807.55;23.67655254;628.4440592;5754.96;1341.69;2289.55;14.35;244.6;157.85;213.94;270.12
NPL4;2472;Carapa Grandiflora;1.88;49.019;26.068;18800;490190;1113.24;16.88764328;440.3273328;8144.76;2171.41;3672.12;15.73;180.95;127.85;92.44;645.13
NPL4;2474;Cleistanthus Polystachyus;1.993;48.138;24.153;19930;481380;839.23;23.74795944;573.597226;5980.74;1338.44;3392.3;17.69;143.47;102.2;406.84;290.88
NPL4;2478;Cleistanthus Polystachyus;2.4;48.935;20.387;24000;489350;1112.47;21.57361547;439.8770304;5262.18;1671.65;3137.29;31.39;382.6;323.74;627.85;612.15
NPL4;2479;Syzygium Guineense;2.028;48.17;23.751;20280;481700;1064.39;19.0531666;452.5596821;9245.89;1971.9;5657.55;25.82;375.32;383.26;393.19;417.02
NPL4;2480;Pentadesma Reindersii;1.79;49.136;27.457;17900;491360;815.46;21.95080078;602.5556128;6231.01;2539.23;3316.34;24.22;617.65;563.15;316.9;532.88
NPL4;2483;Syzygium Guineense;1.664;49.843;29.962;16640;498430;673.05;24.72327465;740.5541936;4187.41;1575.82;4120.91;20.15;298.24;330.48;372.8;405.04
NPL4;2486;Cleistanthus Polystachyus;2.11;48.659;23.06;21100;486590;963.01;21.91046822;505.280319;4573.32;1079.97;1261.27;21.44;226.13;159.85;116.96;549.73
NPL4;2496;Pentadesma Reindersii;1.789;48.305;27.007;17890;483050;662.4;27.00785024;729.2421498;5803.48;1400.84;3484.09;26.02;238.14;196.12;324.19;288.17
NPL4;2497;Melchiora Schliebenii ;-9999;-9999;-9999;-99990000;-99990000;3587.78;-27869.60182;-27869.60182;6434;1922.65;5229.68;54.21;245.9;935.19;358.2;445.33
NPL4;2505;Syzygium Guineense;1.433;42.835;29.901;14330;428350;839.62;17.06724471;510.171268;4278.07;1649.26;3768.3;17.99;257.88;201.91;247.89;391.82
NPL4;2523;Melchiora Schliebenii ;1.709;49.44;28.926;17090;494400;1891.51;9.035109516;261.3784754;4817.61;3267.68;5084.16;37.51;298.14;841.11;639.72;426.48
NPL4;2535;Carapa Grandiflora;1.903;49.151;25.829;19030;491510;1924.5;9.888282671;255.3962068;15713.17;2084.06;4489.2;19.46;324.97;272.43;50.59;414.48
NPL4;2537;Carapa Grandiflora;1.93;49.199;25.488;19300;491990;1107.79;17.42207458;444.1184701;9025.7;1595.94;2454.67;15.94;97.63;59.77;71.73;749.15
NPL5;2547;Cleistanthus Polystachyus;1.794;47.362;26.401;17940;473620;958.73;18.71225475;494.0076977;11651.91;1812.03;6434.61;59.67;190.95;97.46;49.73;192.94
NPL5;2548;Pentadesma Reindersii;1.557;50.055;32.151;15570;500550;675.2;23.05983412;741.3359005;6257.28;1980.99;3766.01;31.04;195.96;908.03;413.27;343.42
NPL5;2550;Syzygium Guineense;1.876;124.098;66.147;18760;1240980;820.17;22.87330675;1513.076557;4785.34;2170.92;5565.01;40.5;220.74;251.11;419.2;425.27
NPL5;2574;Melchiora Schliebenii ;1.808;45.36;25.085;18080;453600;793.43;22.78713938;571.6950456;7286.29;2319.83;2382.17;11.33;192.69;102.01;612.07;207.8
NPL5;2605;Cleistanthus Polystachyus;1.895;49.145;25.941;18950;491450;963.92;19.65930783;509.8452154;3540.6;6646.78;14889.53;83.9;363.57;242.38;637.64;374.76
NPL5;2606;Melchiora Schliebenii ;1.721;50.342;29.244;17210;503420;666.11;25.83657354;755.7610605;5410.95;1752.21;4010.35;23.44;279.34;808.71;314.5;347.71
NPL5;2607;Cleistanthus Polystachyus;1.882;48.696;25.872;18820;486960;886.77;21.22309054;549.1390101;6466.75;3873.18;15847.44;116.33;293.68;175.45;1634.33;396.66
NPL5;2610;Cleistanthus Polystachyus;1.835;48.296;26.326;18350;482960;793.49;23.12568526;608.6529131;3117.41;1004.05;2162.11;13.65;270.99;194.96;280.74;434.76
NPL5;2646;Pentadesma Reindersii;1.718;45.478;26.477;17180;454780;813.77;21.1116163;558.8556963;6861.09;1541.69;3273.76;14.93;160.52;95.19;87.72;621.53
NPL5;2648;Cleistanthus Polystachyus;1.594;48.642;30.514;15940;486420;750.34;21.24370285;648.2661194;6449.43;2873.72;6404.95;23.21;146.97;177.92;450.59;469.93
NPL5;2650;Syzygium Guineense;1.472;48.103;32.682;14720;481030;1055.75;13.94269477;455.6287;11690.18;2443.02;6038.48;27.63;264.43;252.59;45.39;416.38
NPL2;2662;Sericanthe Leonardii;-9999;-9999;-9999;-99990000;-99990000;1005.85;-99408.46051;-99408.46051;10294.73;372.61;16038.69;91.63;258.59;205.65;46.83;2343.6
NPL2;2673;Syzygium Guineense;1.971;48.063;24.387;19710;480630;666.57;29.56928755;721.0495522;7312.4;2406.39;3656.2;13.89;142.84;1253.78;468.18;142.84
NPL2;2685;Cleistanthus Polystachyus;1.996;48.924;24.508;19960;489240;1224.41;16.301729;399.5720388;5812.44;2848.3;4404.27;17.98;187.76;141.82;93.88;457.41
NPL2;2687;Cleistanthus Polystachyus;0.017;0.023;1.375;170;230;957.24;0.177593916;0.240274121;5168.68;1013.54;1916.41;13.59;126.21;75.72;126.21;574.73
NPL2;2715;Cleistanthus Polystachyus;4.279;101.356;23.685;42790;1013560;1001.74;42.71567473;1011.799469;5349.06;1028.81;2338.04;15.47;284.28;175.98;168.25;754.21
NPL2;2727;Syzygium Guineense;1.572;47.521;30.224;15720;475210;810.13;19.40429314;586.5848691;5681.01;2418.23;6683.54;26.33;157.97;141.77;390.89;228.86
NPL3;2733;Cleistanthus Polystachyus;2.211;48.013;21.714;22110;480130;1016.07;21.76031179;472.536341;5542.18;1509.36;4386.58;21.62;224.05;145.43;514.91;790.06
NPL3;2734;Cleistanthus Polystachyus;-9999;-9999;-9999;-99990000;-99990000;880.8;-113521.7984;-113521.7984;4752.51;1755.86;4471.04;17.23;237.43;164.67;618.48;2217.33
NPL3;2741;Parinari Excelsa;1.925;46.94;24.388;19250;469400;1409.03;13.66188087;333.1369808;13626.71;2009.39;3928.94;30.63;204.21;181.74;30.63;1055.75
NPL3;2746;Cleistanthus Polystachyus;2.034;48.213;23.7;20340;482130;914.25;22.24774405;527.3502871;3548.5;1519.06;3237.05;14.07;158.74;86.4;430;1079.02
NPL3;2762;Cleistanthus Polystachyus;2.035;49.323;24.242;20350;493230;1228.03;16.5712564;401.6432823;10761.08;3282;7253.28;43.58;130.73;69.32;136.67;305.03
NPL3;2769;Diospyros Gabunensis;2.431;49.147;20.219;24310;491470;795.71;30.55133152;617.6496462;11231.27;1984.32;3268.18;11.91;148.82;674.67;416.71;299.63
NPL3;2771;Diospyros Gabunensis;2.939;49.959;16.998;29390;499590;919.26;31.97136827;543.4697474;8714.94;2203.82;4339.4;10.04;281;539.92;477.7;511.82
NPL3;2789;Diospyros Gabunensis;2.568;49.661;19.338;25680;496610;766.15;33.51824055;648.1889969;7109.91;2314.48;3174.89;12.03;314.88;643.8;589.65;437.22
NPL9;2797;Strombosia Scheffleri;3.827;48.742;12.736;38270;487420;1577.51;24.25975113;308.9806087;7008.76;922.36;1391.46;15.83;292.94;120.74;120.74;294.92
NPL9;2805;Cleistanthus Polystachyus;2.143;48.792;22.771;21430;487920;816.16;26.25710645;597.8239561;9033.12;2532.55;5528.56;82.03;1008.92;282.99;100.48;467.55
NPL9;2806;Cleistanthus Polystachyus;2.128;48.947;23.001;21280;489470;1090.76;19.50933294;448.7421614;6791.4;1017.12;2679.14;13.93;264.73;177.15;398.09;2233.28
NPL9;2807;Parinari Excelsa;1.727;45.225;26.192;17270;452250;1895.83;9.109466566;238.54987;23213.84;1407.75;14892.35;64.54;219.84;292.44;38.32;296.48
NPL9;2808;Cleistanthus Polystachyus;1.916;48.242;25.185;19160;482420;878;21.82232346;549.453303;5873.59;852.52;1520.82;13.72;246.94;164.63;233.22;613.42
NPL9;2855;Strombosia Scheffleri;3.392;48.775;14.379;33920;487750;1425.79;23.79031975;342.0910513;6658.24;999.81;1966.54;15.56;324.84;173.12;229.53;258.7
NPL9;2859;Strombosia Scheffleri;3.622;46.732;12.903;36220;467320;1073.97;33.72533683;435.1331974;8129.26;1950.56;4185.57;19.35;238.01;189.64;149;1139.76
NPL6;2882;Diospyros Gabunensis;2.319;49.723;21.444;23190;497230;878.11;26.40899204;566.250242;6621.89;3141.54;5649.56;14.03;392.94;501.2;928.23;435.04
NPL6;2883;Diospyros Gabunensis;2.139;49.565;23.168;21390;495650;810.86;26.37939965;611.2645833;6205.47;2670.73;4434.17;11.81;171.23;513.68;513.68;352.29
NPL6;2884;Strombosia Scheffleri;3.333;48.644;14.594;33330;486440;1322.41;25.20398364;367.8435584;8983.81;1369.22;3526.43;23.41;204.8;152.14;358.88;243.81
NPL6;2887;Syzygium Guineense;1.848;47.107;25.497;18480;471070;791.32;23.35338422;595.2964667;10054.71;1250.49;4765.53;19.54;220.79;228.6;103.56;429.86
NPL6;2890;Strombosia Scheffleri;3.169;48.707;15.37;31690;487070;1406.31;22.53414965;346.3461115;8276.2;1232.96;1996.49;15.58;381.77;225.94;144.14;292.17
NPL6;2900;Strombosia Scheffleri;3.534;47.99;13.58;35340;479900;1891.08;18.68773399;253.7703323;9443.74;1619.26;3219.1;17.47;192.21;133.97;258.23;217.45
NPL6;2907;Diospyros Gabunensis;2.01;51.109;25.433;20100;511090;1255.52;16.00930292;407.0743596;13774.63;2011.49;5174.03;17.09;112.07;58.88;18.99;360.89
NPL6;2915;Cleistanthus Polystachyus;1.835;47.594;25.932;18350;475940;997.98;18.38714203;476.9033448;5193.55;1518.15;5532.26;22.18;266.13;183.47;530.24;989.92
NPL6;2924;Syzygium Guineense;1.613;48.419;30.018;16130;484190;560.04;28.80151418;864.5632455;4125.91;2725.8;5128.51;21.54;242.82;209.53;749.99;342.68
NPL6;2925;Cleistanthus Polystachyus;2.36;48.059;20.365;23600;480590;923.41;25.55744469;520.4513705;7726.15;3596.55;11360.35;91.15;295.25;215.99;57.47;317.05
NPL6;2940;Cleistanthus Polystachyus;2.26;47.536;21.036;22600;475360;1077.78;20.96902893;441.0547607;8511.75;1882.24;3861.4;17.45;271.38;189.97;531.14;608.67
UPL1;2952;Chryssophylum Albidum;2.325;49.224;21.168;23250;492240;1271.32;18.28807853;387.1881194;9849.86;1733.03;7386.47;53.79;141.7;89.22;46.57;164.65
UPL1;2955;Rauwolfia Vomitoria;2.141;60.377;28.196;21410;603770;2082.57;10.2805668;289.9158252;29461.15;2606.17;18601.45;155.5;320.85;236.21;104.33;456.67
UPL1;2963;Aphania Senegalensis;2.325;45.986;19.777;23250;459860;801;29.02621723;574.1073658;9551.94;2487.11;3898.87;16.02;270.34;206.26;490.61;274.34
UPL1;2964;Banquetredendron Oblanceolatum;1.97;45.332;23.009;19700;453320;1026.05;19.19984406;441.8108279;12829.62;2772.73;9973.05;83.84;291.45;205.61;89.83;544.96
UPL1;2965;Banquetredendron Oblanceolatum;2.365;50.107;21.184;23650;501070;862.56;27.41838249;580.9103135;9146.28;3047.45;6643.09;56.98;473.52;182.73;82.52;540.33
UPL1;2973;Celtis Durandii;2.507;36.65;14.618;25070;366500;1119.71;22.38972591;327.3168946;11432.74;2593.84;6819.53;58.42;83.73;54.53;210.31;525.78
UPL1;2991;Uvariopsis Congnesis;3.033;42.271;13.938;30330;422710;1177.88;25.74965192;358.8735695;15246.72;1518.11;17401.51;139.28;389.97;242.74;73.62;2306.01
UPL1;3003;Aphania Senegalensis;2.426;45.017;18.557;24260;450170;3011.28;8.056374698;149.4945671;17978.62;4755.49;18356.76;372.2;326.67;194.02;49.5;437.54
UPL1;3007;Uvariopsis Congnesis;3.505;44.29;12.636;35050;442900;1756.78;19.95127449;252.1089721;20446.41;1860.69;7673.66;65.42;280.93;71.19;32.71;1193
UPL1;3008;Celtis Durandii;3.497;42.586;12.177;34970;425860;3202.76;10.91870761;132.9665663;25555.02;3344.51;9529.74;65.13;273.92;130.26;88.11;1082.27
UPL1;3010;Celtis Durandii;-9999;-9999;-9999;-99990000;-99990000;2305.82;-43364.18281;-43364.18281;20419.24;2481.75;10452.93;93.58;574.58;155.34;69.25;802.92
UPL1;3011;Celtis Durandii;3.877;42.704;11.016;38770;427040;2235.27;17.34466082;191.0462718;24488.38;1333.65;5766.61;45.08;227.28;84.53;35.69;948.58
UPL1;3012;Markhamia Platycalyx;3.051;46.125;15.117;30510;461250;2519.69;12.10863241;183.0582334;19367.14;1686.31;9961.36;62.6;170.2;117.38;31.3;473.42
UPL2;3022;Celtis Durandii;1.552;44.625;28.745;15520;446250;825.12;18.8093853;540.8304247;4905.88;1660;20118.99;550.08;212.62;144.35;152.15;1068.96
UPL2;3036;Uvariopsis Congnesis;3.646;43.898;12.04;36460;438980;1512.25;24.10977021;290.2826914;20128.64;2344.97;9409.34;102.13;212.11;161.04;68.74;1343.35
UPL2;3043;Dasylepis Eggelingii;2.259;42.24;18.696;22590;422400;1107.26;20.40171233;381.4822174;15788.42;4335.98;14065.81;140.54;193.72;155.74;491.9;1889.75
UPL2;3062;Aphania Senegalensis;2.228;45.818;20.569;22280;458180;2252.22;9.89246166;203.4348332;12654.19;1946.8;3704.43;39.41;1131.03;285.71;147.78;384.24
UPL2;3088;Celtis Durandii;3.223;52.674;16.342;32230;526740;996.08;32.35683881;528.8129468;15149.02;2984.31;4666.67;56.86;221.57;188.24;313.73;566.67
UPL4;3101;Uvariopsis Congnesis;3.529;44.102;12.498;35290;441020;1830.57;19.27814834;240.919495;20048.82;2371.61;9384.72;97.63;158.65;61.02;50.85;2111.26
UPL4;3102;Celtis Durandii;3.456;40.79;11.803;34560;407900;820.55;42.11809152;497.1055999;3011.27;549.62;2811.94;13.55;228.36;193.53;598;719.92
UPL4;3115;Chryssophylum Albidum;2.534;50.481;19.919;25340;504810;712.06;35.58688875;708.9430666;8365.2;2516.58;5079.98;44.87;300.43;273.12;622.32;557.94
UPL4;3118;Monodora Angolensis;4.103;44.992;10.965;41030;449920;3416.8;12.00831187;131.6787638;23318.01;3763.15;6365.81;39.37;98.74;36.81;27.75;448.72
UPL4;3126;Banquetredendron Oblanceolatum;2.155;46.908;21.766;21550;469080;1077.15;20.00649863;435.4825233;11066.2;2092.58;28069.69;318.57;248.88;161.27;51.77;1634.64
UPL4;3135;Celtis Durandii;1.949;30.053;15.422;19490;300530;958.08;20.34276887;313.6794422;5403.43;3627.32;26487.36;387.7;397.85;288.24;83.22;3186.85
UPL4;3138;Aphania Senegalensis;2.052;69.249;33.747;20520;692490;1728.19;11.87369444;400.7024691;21278.94;1800.93;5225.85;55.05;167.12;60.95;33.42;1761.61
UPL4;3141;Uvariopsis Congnesis;3.154;66.591;21.112;31540;665910;1675.89;18.81985094;397.3470813;18837.94;2229.25;3926.88;51.38;160.08;69.17;98.81;954.55
UPL4;3146;Uvariopsis Congnesis;3.386;43.541;12.859;33860;435410;1193.46;28.3712902;364.8299901;9353.22;2344.56;7337.82;367.66;128.97;69.3;254.09;750.72
UPL4;3148;Tabernaemontana Holistii;2.532;46.298;18.289;25320;462980;1465.09;17.28221474;316.0078903;6714.33;3903.63;20628.73;238.96;605.23;205.66;13.71;1913.62
UPL4;3154;Chryssophylum Albidum;2.389;60.134;25.167;23890;601340;1314.82;18.1697875;457.3553794;6268.36;769.31;11112;51.95;191.83;149.87;11.99;243.78
UPL4;3155;Banquetredendron Oblanceolatum;1.695;65.324;38.53;16950;653240;1236.66;13.70627335;528.2292627;16377.21;2629.65;4912.56;50.11;212.46;168.36;54.12;485.04
UPL5;3157;Lovoa Brownii;3.91;74.115;18.956;39100;741150;2103.9;18.58453349;352.2743476;22533.84;2412.42;7661.23;139.33;131.37;87.58;59.71;513.54
UPL5;3161;Monodora Angolensis;3.038;43.464;14.305;30380;434640;1122.83;27.05663368;387.0933267;12876.77;2550.27;6058.13;49.77;181.17;115.47;437.99;258.81
UPL5;3162;Bosquecia Phaberas;3.098;45.8;14.784;30980;458000;1827.97;16.94776172;250.5511578;28265.4;5068.92;7576.7;19.76;171.93;308.29;349.79;339.9
UPL5;3163;Chryssophylum Albidum;2.928;49.174;16.791;29280;491740;1182.72;24.75649351;415.7704275;16823.77;2495.33;5096.92;55.1;226.31;177.11;135.79;452.62
UPL5;3171;Funtumia Latifolia;2.049;69.992;34.155;20490;699920;963.06;21.27593296;726.7667643;18690.16;3774.97;8058.8;62.19;301.55;116.85;405.2;2548.06
UPL5;3175;Ehretia Cymosariter;1.675;41.73;24.907;16750;417300;5127.39;3.266769253;81.38643637;26334.89;5050.06;11297.71;91.21;231.98;132.84;25.78;1048.87
UPL5;3181;Celtis Durandii;5.867;43.266;7.374;58670;432660;1733.12;33.85224335;249.6422637;27160.33;1200.86;8617.05;61.63;270.8;102.72;26.15;967.41
UPL5;3184;Tabernaemontana Holistii;3.005;44.786;14.902;30050;447860;3051.23;9.848487331;146.780151;21153.49;3621.62;5336.72;56.65;519.61;173.85;128.93;1058.75
UPL5;3188;Pseudospondias Microcarpa;1.815;40.215;22.156;18150;402150;1415.33;12.8238644;284.1386814;6427.88;3726.59;19619.62;231.7;575.4;193.09;13.52;1562.08
UPL5;3192;Uvariopsis Congnesis;2.764;42.304;15.308;27640;423040;975.75;28.326928;433.5536767;12129.51;3561.9;12633.25;103.13;144.78;111.06;545.39;394.67
UPL10;3215;Celtis Durandii;2.019;32.434;16.068;20190;324340;946.45;21.33234719;342.6911089;4253.16;2829.6;22017.53;208.37;204.48;173.32;288.22;1187.93
UPL10;3225;Rauwolfia Vomitoria;2.551;44.043;17.262;25510;440430;1972.92;12.93007319;223.2376376;21813.14;2103.05;8894.42;38.27;91.85;44.01;26.79;933.84
UPL10;3226;Chryssophylum Albidum;2.83;50.335;17.786;28300;503350;1107.87;25.54451335;454.3403107;22052.14;2171.73;19706.29;403.73;254.48;221.96;30.61;2550.59
UPL10;3227;Margrituria;2.941;63.458;21.576;29410;634580;675.56;43.53425306;939.3392149;8790.1;2059.69;6165.49;48.53;132.01;106.77;58.24;180.54
UPL10;3230;Aphania Senegalensis;2.109;46.178;21.897;21090;461780;1259.1;16.75005957;366.7540307;8370.21;1652.45;7066.76;53.99;161.97;104.12;107.98;291.15
UPL11;3232;Uvariopsis Congnesis;3.466;44.618;12.874;34660;446180;1296.37;26.73619414;344.1764311;10785.39;3099.92;9271.39;365.25;158.97;134.37;236.56;1334.22
UPL11;3234;Funtumia Latifolia;1.748;48.022;27.473;17480;480220;940.15;18.59277775;510.7908313;4450.06;1037.2;1817.63;12.13;268.9;161.75;202.18;843.11
UPL11;3236;Banquetredendron Oblanceolatum;1.892;46.433;24.538;18920;464330;931.34;20.31481521;498.5612129;8563.18;1787.06;10175.12;107.46;193.03;179.1;59.7;302.49
UPL11;3237;Chryssophylum Albidum;2.791;74.227;26.593;27910;742270;934.83;29.85569569;794.0160243;14338.65;1751.07;5676.17;65.22;221.35;156.13;73.13;533.62
UPL11;3239;Banquetredendron Oblanceolatum;1.554;46.418;29.878;15540;464180;8.05;1930.434783;57662.1118;112.63;23.97;64.07;0.8;1.81;1.26;0.65;7.24
UPL11;3240;Uvariopsis Congnesis;3.169;42.201;13.318;31690;422010;1281.1;24.73655452;329.4122239;17074.05;2540.22;11368.04;145.9;157.89;107.92;135.9;1375.04
UPL11;3243;Banquetredendron Oblanceolatum;3.32;38.066;11.465;33200;380660;1306.47;25.41198803;291.365282;41414.18;10567.47;36549.32;221.4;464.75;309.17;225.39;566.47
UPL11;3244;Uvariopsis Congnesis;3.454;43.259;12.526;34540;432590;1338.71;25.80095764;323.1394402;17059.17;2313.74;10114.02;139.57;202.48;147.43;96.32;1495.97
UPL11;3247;Bersama Abyssinica;1.788;40.904;22.877;17880;409040;1274.31;14.03112273;320.9893982;4463.99;3645.07;26037.33;308.8;207.17;152.45;50.82;1571.39
UPL11;3248;Tabernaemontana Holistii;2.25;71.394;31.733;22500;713940;957.15;23.50728726;745.9018963;16481.69;2682.75;5812.95;60.31;171.2;126.45;202.32;597.25
UPL11;3265;Uvariopsis Congnesis;3.516;45.236;12.866;35160;452360;1252.17;28.07925441;361.2608512;25014.47;2149.33;6050.55;88.75;94.54;44.38;727.38;526.72
UPL11;3266;Celtis Durandii;3.676;37.266;10.139;36760;372660;900.21;40.8349163;413.9700736;15694.24;2208.89;5381.45;77.33;228.03;212.16;79.31;1056.86
UPL11;3267;Chryssophylum Albidum;2.894;50.111;17.316;28940;501110;1452.41;19.92550313;345.019657;8765.35;1291.9;12092.98;101.79;299.49;172.25;78.3;448.25
UPL11;3268;Aphania Senegalensis;2.137;64.211;30.052;21370;642110;1270.5;16.82014955;505.399449;16870.46;3240.88;18335.82;133.21;369.82;163.04;53.68;703.85
UPL11;3272;Dasylepis Eggelingii;2.686;42.079;15.669;26860;420790;2009.78;13.36464688;209.371175;13846.92;2915.88;7809.6;61.87;163.66;123.74;331.3;305.36
UPL11;3274;Uvariopsis Congnesis;3.519;44.926;12.766;35190;449260;1744.42;20.17289414;257.5411885;8648.75;4141.06;17428.72;310.68;293.31;156.3;77.19;578.9
UPL11;3275;Celtis Durandii;2.663;36.767;13.805;26630;367670;1301.18;20.46603852;282.5665934;9852.95;2628.11;26558.4;360.45;534.73;251.52;65.36;1418.03
UPL6;3277;Uvariopsis Congnesis;3.713;44.716;12.044;37130;447160;1021.41;36.35170989;437.7869807;17313.52;5183.58;11839.84;86.63;155.12;108.79;1118.11;1621.76
UPL6;3278;Ritchiea Albersii;2.228;48.366;21.707;22280;483660;1283.56;17.35797314;376.8113684;17380.98;3277.77;19968.06;259.51;475.1;251.52;55.89;1722.73
UPL6;3279;Banquetredendron Oblanceolatum;1.668;65.638;39.353;16680;656380;1213.95;13.74026937;540.6977223;16556.68;3471.68;7924.74;100.22;94.54;35.93;32.15;943.56
UPL6;3281;Funtumia Latifolia;1.699;48.452;28.514;16990;484520;1066.88;15.92494001;454.1466707;5604.12;957;1328.6;9.99;129.86;69.93;145.85;447.53
UPL6;3287;Trema Orientalis;2.346;43.632;18.598;23460;436320;1806.85;12.9839223;241.4810305;19468.51;2883.78;6517.43;69.8;221.37;89.74;55.84;1039.04
UPL6;3289;Trema Orientalis;-9999;-9999;-9999;-99990000;-99990000;1189.28;-84076.07964;-84076.07964;13900.49;2601.63;9503.31;234.45;320.69;345.68;266.41;1202.95
UPL6;3308;Frema Orientalis;2.927;44.302;15.135;29270;443020;1222.15;23.94959702;362.4923291;19136.97;6234.84;8468.55;9.4;86.49;351.6;116.57;148.54
UPL6;3310;Funtumia Latifolia;2.339;48.429;20.703;23390;484290;2314.38;10.10637838;209.252586;24756.6;3262.05;7260.32;38.44;159.55;71.12;136.48;1703.11
UPL6;3312;Uvariopsis Congnesis;3.15;41.389;13.138;31500;413890;1447.41;21.76301117;285.952149;9570.45;4901.7;15766.26;173.21;384.25;173.21;97.56;1521.08
UPL6;3313;Celtis Durandii;2.431;35.845;14.746;24310;358450;1340.81;18.13083136;267.3383999;7955.12;5669.94;27577.37;336.61;542.31;276.76;57.97;1466.11
UPL6;3314;Chryssophylum Albidum;2.686;49.086;18.275;26860;490860;1961.24;13.69541719;250.2804348;12085.27;1866.28;4269.38;23.26;122.09;50.39;455.43;294.57
UPL6;3315;Celtis Durandii;2.961;38.3;12.933;29610;383000;1562.91;18.94542872;245.0556974;22860.78;3458.36;17888.41;207.35;999.56;461.64;88.02;1664.63
UPL6;3335;Banquetredendron Oblanceolatum;2.326;47.285;20.332;23260;472850;1262.52;18.42347052;374.5287203;15364.26;2112.63;20649.74;79.76;342.38;202.31;361.83;957.11
UPL6;3339;Banquetredendron Oblanceolatum;2.096;47.663;22.735;20960;476630;2879.23;7.279724093;165.5407869;44789.52;2085.57;11256.95;133.92;785.78;293.44;57.11;1028.01
UPL6;3350;Banquetredendron Oblanceolatum;1.863;46.373;24.889;18630;463730;1137.05;16.38450376;407.836067;11591.28;2369.01;6227.6;54.24;102.66;60.05;428.09;207.26
UPL12;3356;Uvariopsis Congnesis;3.438;45.476;13.229;34380;454760;1153.42;29.80700872;394.2709507;17029.27;2444.8;11614.7;149.45;208.84;149.45;162.86;2385.4
UPL12;3357;Uvariopsis Congnesis;3.273;43.313;13.233;32730;433130;2013.2;16.25769919;215.1450427;20510.86;3822.86;10160.71;106.81;338.56;106.81;334.53;1690.77
UPL12;3360;Chryssophylum Albidum;2.816;49.032;17.41;28160;490320;890.79;31.612389;550.4327619;6766.6;3327.15;11450.87;85.65;512.02;215.08;70.43;317.87
UPL12;3365;Celtis Durandii;2.255;35.511;15.75;22550;355110;870.09;25.91685918;408.1301934;7629.41;3444.11;20630.41;312.19;366.57;336.35;114.8;2777.44
UPL12;3366;Uvariopsis Congnesis;2.297;44.848;19.521;22970;448480;2101.07;10.93252486;213.4531453;21653.55;2423.44;5427.14;51.2;210.49;106.19;39.82;1558.74
UPL12;3370;Banquetredendron Oblanceolatum;1.892;45.964;24.295;18920;459640;1098.68;17.2206648;418.3565733;11725.04;695.64;3369.67;25.19;329.41;197.65;29.07;434.05
UPL12;3372;Chryssophylum Albidum;2.693;49.127;18.245;26930;491270;621.54;43.32786305;790.407697;6345.54;662.33;1687.87;77.69;229.19;143.73;54.38;2134.6
UPL12;3373;Aphania Senegalensis;2.029;43.556;21.463;20290;435560;1319.63;15.37552193;330.0622144;9116.01;5987.27;20413.12;422.91;199.71;129.22;127.26;497.31
UPL12;3376;Funtumia Latifolia;1.838;47.823;26.021;18380;478230;934.91;19.65964638;511.5251735;4404.34;1218.93;2051.28;27.61;244.58;153.85;311.64;457.59
UPL12;3377;Banquetredendron Oblanceolatum;1.741;46.444;26.678;17410;464440;941.94;18.48313056;493.067499;9229.41;1627.34;8581.22;72.46;178.2;142.96;45.04;252.62
UPL12;3378;Chryssophylum Albidum;3.153;49.876;15.82;31530;498760;1627.96;19.36779773;306.3711639;11163.97;3029.82;9775.31;105.52;171.46;126.24;88.56;770.64
UPL12;3390;Banquetredendron Oblanceolatum;1.719;46.545;27.081;17190;465450;1088.68;15.78976375;427.5360988;4782.57;1538.62;10752.23;118.51;226.98;190.82;120.52;315.36
UPL12;3393;Tabernaemontana Holistii;2.435;63.452;26.06;24350;634520;1449.66;16.79704207;437.7026337;15681.23;6289.64;11092.6;13.64;101.32;227.97;1046.32;249.4
UPL12;3395;Funtumia Latifolia;2.24;48.18;21.508;22400;481800;2053.37;10.90889611;234.6386672;26540.75;2235.46;8705.51;114.29;114.29;44.55;19.37;627.63
UPL3;3399;Cheatachme Aristata;2.801;38.155;13.62;28010;381550;1365.3;20.51563759;279.4623892;23984.94;3717.43;17035.57;338.85;194.19;112.95;59.45;970.97
UPL3;3413;Harrisonia Abyssinica;1.975;45.772;23.172;19750;457720;1573.73;12.54980206;290.8504;14219.93;1847.68;18080.44;120.46;613.95;254.52;71.89;880.12
UPL3;3425;Ficus Brachypus;2.093;41.909;20.021;20930;419090;1254;16.69059011;334.2025518;7938.16;1349.43;10207.57;62.99;536.34;229.04;72.53;313.02
UPL3;3429;Banquetredendron Oblanceolatum;2.077;46.046;22.172;20770;460460;1381.37;15.03579779;333.3357464;17053.53;1950.84;9929.3;38.48;240.49;155.84;515.61;871.53
UPL7;3488;Diospyros Abyssinica;2.641;47.582;18.019;26410;475820;1341.31;19.68970633;354.7427515;15662.32;1194.23;13311.11;178.45;458.87;309.83;119.62;1466.81
UPL7;3489;Pterygota Mildbraedii;2.464;47.315;19.202;24640;473150;1188.5;20.73201515;398.1068574;12190.94;2123.72;16635.17;101.32;216.27;146.13;245.49;535.8
UPL7;3490;Teclea Nobilis;2.014;40.575;20.143;20140;405750;1039.77;19.36966829;390.2305318;11452.96;3103.78;26339.48;100.87;219.2;180.41;102.81;1119.3
UPL7;3491;Diospyros Abyssinica;2.976;48.274;16.22;29760;482740;1228.19;24.23077863;393.0499353;5056.68;934.45;1462.79;11.83;185.31;134.06;238.54;818.14
UPL7;3493;Diospyros Abyssinica;2.19;49.032;22.389;21900;490320;1077.41;20.32652379;455.0913765;11126.65;4561.75;23265.71;189.09;155.6;128.03;466.81;490.45
UPL7;3497;Cheatachme Aristata;2.205;56.794;25.752;22050;567940;1092.68;20.17974155;519.7679101;15705.37;2675.12;5912.2;44.88;146.34;107.32;130.73;495.61
UPL7;3501;Diospyros Abyssinica;2.978;47.818;16.057;29780;478180;1599.76;18.61529229;298.9073361;12891.84;2710.82;10721.59;89.76;229.39;145.61;999.35;552.54
UPL7;3502;Strombosia Scheffleri;3.128;43.448;13.89;31280;434480;2361.71;13.24464054;183.9683958;20810.1;4884.45;13031.16;101.39;268.38;107.35;495.01;272.35
UPL7;3503;Diospyros Abyssinica;2.674;47.466;17.75;26740;474660;1018.53;26.25352223;466.0245648;17519.49;3575.98;7368.63;93.15;417.13;356.38;277.41;573.05
UPL7;3522;Chryssophylum Albidum;2.841;45.955;16.175;28410;459550;1071.69;26.50953167;428.808704;6770.06;2210.25;6211;22.29;139.3;76.15;365.9;579.49
UPL7;3550;Uvariopsis Congnesis;3.528;43.825;12.422;35280;438250;1552.99;22.71746759;282.1975673;20080.36;3320.94;9410.35;66.3;182.82;68.31;385.74;1557.01
UPL7;3551;Monodora Angolensis;3.204;44.532;13.899;32040;445320;3143.93;10.19106659;141.644375;26600.67;3741.83;14137.79;79.19;164.32;108.89;122.75;465.25
UPL7;3552;Drypetes Ugendensis;2.591;41.645;16.075;25910;416450;2072.69;12.50066339;200.9224727;20888.15;2808.61;5191.79;44.36;211.7;54.44;66.54;1399.26
UPL8;3588;Diospyros Abyssinica;2.862;47.186;16.489;28620;471860;1229.03;23.28665696;383.9287894;14473.27;4024.58;13661.72;64.38;224.35;107.3;981.27;468.2
UPL8;3589;Teclea Nobilis;2.602;41.962;16.129;26020;419620;1023.52;25.42207285;409.9773331;10785.27;2977.89;6910.79;70.52;223.64;193.42;112.83;481.54
UPL8;3597;Uvariopsis Congnesis;3.671;43.213;11.772;36710;432130;1238.58;29.63877989;348.8914725;17707.45;2832.72;7023.2;76.19;214.9;156.29;132.84;695.48
UPL8;3605;Pterygota Mildbraedii;2.773;45.821;16.522;27730;458210;1483.57;18.6913998;308.8563398;15925.72;2240.5;17261.95;125.15;129.18;94.87;756.93;322.96
UPL8;3606;Teclea Nobilis;2.825;42.262;14.96;28250;422620;1129.04;25.021257;374.3180047;13811.52;2254.03;21674.34;58.68;196.27;129.5;596.89;1244.37
UPL8;3611;Tabernaemontana Holistii;2.595;62.347;24.029;25950;623470;1481.2;17.51957872;420.9222252;12099;2657.33;7991.17;234.08;249.42;151.57;141.98;894.09
UPL8;3613;Uvariopsis Congnesis;3.182;42.321;13.299;31820;423210;1447.27;21.98622234;292.4195209;16375.15;4248.51;11745.77;55.22;129.49;59.03;89.5;1725.3
UPL8;3614;Monodora Angolensis;2.695;41.138;15.263;26950;411380;1033.13;26.08577817;398.1880305;7106.45;888.06;2938.64;11.76;129.39;86.26;562.63;511.66
UPL8;3640;Chryssophylum Albidum;3.127;48.781;15.6;31270;487810;948.53;32.96680126;514.2799911;4785.92;1641.1;4450.93;18.82;259.72;184.44;715.16;784.79
UPL8;3642;Uvariopsis Congnesis;3.689;43.726;11.853;36890;437260;1164.86;31.66904177;375.3755816;11455.11;2403.25;10537.93;48.37;141.25;106.42;654.02;239.94
