region;plotID;slope;Species;N;C;P;CN;NP;CP;K;Mg;Ca;Na;Fe;Al;Mn;Si
Mafic;KBPL1;PL;Agauria Salicifolia;2.66;46.02;1786.19;17.30075188;14.89203276;257.6433638;4807.34;1771.47;11244.82;67.98;692.04;303.21;2219.33;1481.44
Mafic;KBPL1;PL;Allophylus Kivuensis;3.943333333;47.94;3139.083333;12.31342987;12.70680866;156.5929103;17073.68;2945.293333;5447.906667;31.73;929.85;396.7266667;715.38;554.42
Mafic;KBPL1;PL;Dombeya Goetzenii;3.47;45.585;2145.865;13.13585399;16.18871718;212.7583676;22514.74;6304.52;8476.435;38.7;884.345;919.445;3408.45;450.38
Mafic;KBPL1;PL;Neoboutonia Macrocalyx ;3.9525;48.9825;2527.98;12.41841791;16.07221629;198.9319653;16350.505;3750.4225;7883.91;158.8125;422.2975;204.4925;129.8025;475.4725
Mafic;KBPL10;V;Alangium Chinense;3.203333333;45.17;2851.54;14.12143726;11.56473193;162.5134891;16844.20333;3539.433333;12543.71333;63.58666667;153.3233333;86.46;33.09333333;224.6
Mafic;KBPL10;V;Dombeya Goetzenii;4.57;45.3;3334.48;9.912472648;13.70528538;135.8532665;28797.63;3226.03;10794.18;53.24;214.94;130.15;55.21;368.75
Mafic;KBPL10;V;Neoboutonia Macrocalyx;3.833333333;46.85666667;3127.266667;12.28562876;12.52782897;152.0331901;15768.92333;4387.676667;11784.96333;64.27333333;148.7533333;90.32333333;75.74;318.34
Mafic;KBPL11;V;Cassipourea Ruwensorensis;2.096666667;46.90333333;2429.483333;23.32649922;8.71364252;204.6810742;8840.353333;2472.903333;10822.08667;32.51666667;224.7766667;186.5966667;68.27333333;295.0633333
Mafic;KBPL11;V;Dombeya Goetzenii;4.02;45.22;3625.155;11.27784572;11.10033116;124.7856813;24187.095;3363.315;14195.855;32.98;200.825;121.975;94.045;409.45
Mafic;KBPL11;V;Maesa Lanceolata;3.175;47.93;2933.2625;15.10327061;10.83053027;163.580859;23103.8275;2294.615;9072.53;28.425;221.5;138.935;97.8;192.3225
Mafic;KBPL11;V;Neoboutonia Macrocalyx;3.555;45.75;3515.74;13.13008353;10.19881935;134.8261791;18781.39;3986.11;12107.64;54.6;171.735;123.225;48.525;317.005
Mafic;KBPL11;V;Xymalos Monospora;2.64;42.55;2228.265;16.11851852;11.89341694;191.7338376;18647.925;5604.33;11657.22;49.44;261.16;777.15;213.775;1300.01
Mafic;KBPL12;V;Agauria Salicifolia;1.73;50.44;856.14;29.15606936;20.20697549;589.1559792;6627.55;2213.56;4900.26;30.04;180.24;214.03;820.46;390.52
Mafic;KBPL12;V;Cassipourea Ruwensorensis;1.963333333;47.09666667;1208.34;24.48248071;16.19057063;391.0712087;7631.69;3584.556667;7592.776667;34.48;208.8733333;173.73;532.07;275.6033333
Mafic;KBPL12;V;Dombeya Goetzenii;4.33;46.64666667;3036.716667;10.78158652;14.48893058;156.0065379;21745.87333;3395.286667;8786.443333;35.73333333;190.3;114.26;172.38;380.9733333
Mafic;KBPL12;V;Neoboutonia Macrocalyx;3.553333333;47.75666667;2879.776667;13.44910704;12.34513101;165.9606705;14008.72333;4094.313333;9054.023333;69.32666667;217.42;215.81;202.8133333;565.16
Mafic;KBPL4;UP;Agauria Salicifolia;3.27;48.76;1875.51;14.91131498;17.43525761;259.9826181;15146.58;2537.91;3300.44;23.11;321.57;140.57;261.88;161.75
Mafic;KBPL4;UP;Allophylus Kivuensis;4.57;46.48;3825.193333;10.17212395;12.04821896;122.63793;18586.52667;4100.196667;6911.486667;34.28;603.7433333;252.3833333;1716.25;2105.42
Mafic;KBPL4;UP;Macaranga Kilimandsharica;2.47;48.29;1259.13;19.55060729;19.61671948;383.5187788;8100.19;2086.94;4759.92;29.01;419.71;102.51;1972.83;738.84
Mafic;KBPL4;UP;Macaranga Spinosa;2.52;47.33;1260.39;18.78174603;19.99381144;375.5186887;8110.87;1781.67;4502.8;27.23;495.99;219.79;1526.87;1155.36
Mafic;KBPL4;UP;Myrianthus Holstii;2.363333333;43.31;955.78;18.42899641;24.67331493;453.1690804;6110.606667;3141.61;6022.823333;28.72666667;518.8;262.1033333;572.6133333;2640.816667
Mafic;KBPL4;UP;Neoboutonia Macrocalyx;3.79;47.78333333;2414.923333;12.67981444;15.72788109;199.1521247;14871.39;3232.246667;7134.236667;62.44666667;587.7866667;329.2133333;602.75;572.9166667
Mafic;KBPL4;UP;Tabernaemontana Johnstonii;3.12;46.7625;1768.985;14.99273785;17.74012237;265.433595;16249.915;5188.1875;6095.5825;25.62;520.8075;686.4;3831.6675;320.7325
Mafic;KBPL5;UP;Allophylus Kivuensis;4.47;46.03666667;3010.693333;10.35298111;15.33394252;160.1259006;20003.59667;4868.156667;6493.61;31.44333333;421.5166667;165.7466667;582.59;486.1866667
Mafic;KBPL5;UP;Dombeya Goetzenii;3.69;45.855;3042.06;12.46427099;12.33764554;154.7386644;36759.69;3373.525;8725.275;38.315;658.57;396.06;264.73;393.71
Mafic;KBPL5;UP;Neoboutonia Macrocalyx;3.865;48.635;2985.52;12.58366473;12.96217845;163.0987988;16641.585;3071.565;5131.39;53.23;406.905;188.905;187.09;505.14
Mafic;KBPL5;UP;Tabernaemontana Johnstonii;3.393333333;45.43333333;1919.476667;13.41536578;17.71157254;237.9530416;20621.26;7540.533333;7442.766667;32.60333333;423.37;1132.553333;3082.006667;358.3233333
Mafic;KBPL6;UP;Alangium Chinense;3.68;45.86;3199.39;12.46195652;11.50219261;143.3398242;21448.89;2827.15;7315.07;53.45;330.25;143.17;32.45;284.43
Mafic;KBPL6;UP;Allophylus Kivuensis;3.9175;46.435;2784.06;11.99918138;14.19661709;171.3313195;15085.85;6471.7375;9857.7625;63.61;427.3675;217.21;314.81;1208.33
Mafic;KBPL6;UP;Dombeya Goetzenii;4.285;44.1925;3221.705;10.32277072;13.45791519;138.6381675;26037.8425;5694.8775;15114.7175;66.1625;506.445;316.2325;139.33;1323.015
Mafic;KBPL6;UP;Macaranga Kilimandsharica;2.32;45.39;1374.09;19.62242243;16.91675404;330.9374782;4207.126667;4896.236667;7758.613333;60.00333333;401.93;269.0333333;748.5966667;2621.59
Mafic;KBPL6;UP;Neoboutonia Macrocalyx;4.06;45.845;3253.745;11.28935265;12.70545708;143.8002688;13609.695;7190;10642.75;187.205;321.915;172.685;108.555;456.745
Mafic;KBPL7;MS;Alangium Chinense;3.92;44.68666667;3310.53;11.40978272;11.9675391;136.7139591;21203.93;4943.816667;11111.75333;95.87666667;228.84;90.82666667;30.26333333;203.5966667
Mafic;KBPL7;MS;Dombeya Goetzenii;4.175;43.26;2959.445;10.40103168;14.32439564;147.8264942;29638.135;7575.645;15008.175;80.705;513.155;327.225;91.855;556.405
Mafic;KBPL7;MS;Maesa Lanceolata;3.363333333;47.89666667;2723.753333;14.29598471;12.38863771;177.2329338;25122.38667;3880.976667;7216.706667;35.18666667;261.8233333;115.9433333;125.0866667;197.9333333
Mafic;KBPL7;MS;Neoboutonia Macrocalyx;3.43;45.48;3246.17;13.27654142;10.56334996;140.1814005;16135.84;8128.86;10128.93;82.625;277.66;161.37;50.93;491.635
Mafic;KBPL8;MS;Allophylus Kivuensis;4.45;48.03;2550.506667;10.80160815;17.47217888;188.853687;15928.59;3073.803333;4626.186667;25.27666667;230.6266667;130.1633333;772.3033333;434.8466667
Mafic;KBPL8;MS;Dombeya Goetzenii;3.93;45.59;2443.935;11.63659117;16.06541772;186.5819685;17483.87;4354.36;10761.7;48.48;303.775;183.055;617.38;468.03
Mafic;KBPL8;MS;Macaranga Kilimandsharica;3.33;45.11;1616.89;13.54654655;20.59509305;278.9923866;10966.32;3190.77;6968.08;33.24;385.16;322.6;1161.35;621.73
Mafic;KBPL8;MS;Macaranga Spinosa;2.54;46.195;1326.025;18.18998713;19.15686409;348.3789495;8449.35;2592.965;6157.82;20.87;178.96;137.495;1769.72;2390.38
Mafic;KBPL8;MS;Maesa Lanceolata;3.215;48.575;1794.48;15.14756523;17.96159374;270.9626775;18419.56;2336.165;7579.795;28.83;192.6;151.315;517.815;208.085
Mafic;KBPL8;MS;Neoboutonia Macrocalyx;4.075;47.885;2665.875;11.75388554;15.49508418;182.3958093;14296.985;4006.53;7346.435;65.75;166.605;147.345;355.98;337.11
Mafic;KBPL8;MS;Tabernaemontana Johnstonii;3.5875;45.845;1845.805;12.80300185;19.54439376;251.0364868;21091.545;5175.2475;6012.4475;25.4525;202.1175;672.7225;2377.9525;247.945
Mafic;KBPL9;MS;Alangium Chinense;4.383333333;46.18;2916.59;10.57366165;15.0360705;158.6289345;17424.28333;4062.843333;10179.29;63.33;146.28;75.66666667;81.56;196.33
Mafic;KBPL9;MS;Dombeya Goetzenii;4.286666667;44.56666667;3243.443333;10.47615362;13.46738419;142.1607569;29114.80667;5284.323333;11132.49333;62.19666667;352.8366667;270.75;303.33;433.3266667
Mafic;KBPL9;MS;Myrianthus Holstii;2.58;43.99;1512.64;17.0494228;17.23999443;293.8658914;9993.265;3773.92;6755.28;36.19;399.865;315.9;227.725;1369.04
Mafic;KBPL9;MS;Neoboutonia Macrocalyx;3.89;46.475;2673.215;11.98468877;14.56251569;174.6325648;11909.455;5393.085;9545.16;127.79;200.41;221.385;293.905;558.69
Mafic;KBPL9;MS;Trichylia Volkensii;3.07;47.54;1547.69;15.48534202;19.83601367;307.167456;6194.62;2754.88;4954.54;21.28;174.11;147.03;472.04;918.94
Felsic;UPL1;PL;Aphania Senegalensis;2.3755;45.5015;1906.14;19.16749204;18.54129596;361.8009664;13765.28;3621.3;11127.815;194.11;298.505;200.14;270.055;355.94
Felsic;UPL1;PL;Banquetredendron Oblanceolatum;2.1675;47.7195;944.305;22.09902985;23.30911328;511.3605707;10987.95;2910.09;8308.07;70.41;382.485;194.17;86.175;542.645
Felsic;UPL1;PL;Celtis Durandii;3.12025;42.285;2215.89;13.9913704;15.48222737;214.0072864;20473.845;2438.4375;8142.2025;65.5525;289.8775;106.165;100.84;839.8875
Felsic;UPL1;PL;Chryssophylum Albidum;2.325;49.224;1271.32;21.1716129;18.28807853;387.1881194;9849.86;1733.03;7386.47;53.79;141.7;89.22;46.57;164.65
Felsic;UPL1;PL;Markhamia Platycalyx;3.051;46.125;2519.69;15.1179941;12.10863241;183.0582334;19367.14;1686.31;9961.36;62.6;170.2;117.38;31.3;473.42
Felsic;UPL1;PL;Rauwolfia Vomitoria;2.141;60.377;2082.57;28.20037366;10.2805668;289.9158252;29461.15;2606.17;18601.45;155.5;320.85;236.21;104.33;456.67
Felsic;UPL1;PL;Uvariopsis Congnesis;3.269;43.2805;1467.33;13.28663;22.8504632;305.4912708;17846.565;1689.4;12537.585;102.35;335.45;156.965;53.165;1749.505
Felsic;UPL10;V;Aphania Senegalensis;2.109;46.178;1259.1;21.89568516;16.75005957;366.7540307;8370.21;1652.45;7066.76;53.99;161.97;104.12;107.98;291.15
Felsic;UPL10;V;Celtis Durandii;2.019;32.434;946.45;16.06438831;21.33234719;342.6911089;4253.16;2829.6;22017.53;208.37;204.48;173.32;288.22;1187.93
Felsic;UPL10;V;Chryssophylum Albidum;2.83;50.335;1107.87;17.78621908;25.54451335;454.3403107;22052.14;2171.73;19706.29;403.73;254.48;221.96;30.61;2550.59
Felsic;UPL10;V;Margrituria;2.941;63.458;675.56;21.57701462;43.53425306;939.3392149;8790.1;2059.69;6165.49;48.53;132.01;106.77;58.24;180.54
Felsic;UPL10;V;Rauwolfia Vomitoria;2.551;44.043;1972.92;17.26499412;12.93007319;223.2376376;21813.14;2103.05;8894.42;38.27;91.85;44.01;26.79;933.84
Felsic;UPL11;V;Aphania Senegalensis;2.137;64.211;1270.5;30.04726252;16.82014955;505.399449;16870.46;3240.88;18335.82;133.21;369.82;163.04;53.68;703.85
Felsic;UPL11;V;Banquetredendron Oblanceolatum;2.255333333;43.639;1014.27;21.95914343;21.67705036;455.515871;16696.66333;4126.166667;15596.17;109.8866667;219.8633333;163.1766667;95.24666667;292.0666667
Felsic;UPL11;V;Bersama Abyssinica;1.788;40.904;1274.31;22.87695749;14.03112273;320.9893982;4463.99;3645.07;26037.33;308.8;207.17;152.45;50.82;1571.39
Felsic;UPL11;V;Celtis Durandii;3.1695;37.0165;1100.695;11.97212935;30.65047741;348.2683335;12773.595;2418.5;15969.925;218.89;381.38;231.84;72.335;1237.445
Felsic;UPL11;V;Chryssophylum Albidum;2.8425;62.169;1193.62;21.95530375;24.89059941;569.5178406;11552;1521.485;8884.575;83.505;260.42;164.19;75.715;490.935
Felsic;UPL11;V;Dasylepis Eggelingii;2.686;42.079;2009.78;15.66604617;13.36464688;209.371175;13846.92;2915.88;7809.6;61.87;163.66;123.74;331.3;305.36
Felsic;UPL11;V;Funtumia Latifolia;1.748;48.022;940.15;27.47254005;18.59277775;510.7908313;4450.06;1037.2;1817.63;12.13;268.9;161.75;202.18;843.11
Felsic;UPL11;V;Tabernaemontana Holistii;2.25;71.394;957.15;31.73066667;23.50728726;745.9018963;16481.69;2682.75;5812.95;60.31;171.2;126.45;202.32;597.25
Felsic;UPL11;V;Uvariopsis Congnesis;3.4248;44.048;1382.554;12.86932859;25.10517097;323.106027;15716.366;2848.854;10846.544;210.03;181.438;118.08;254.67;1062.17
Felsic;UPL12;V;Aphania Senegalensis;2.029;43.556;1319.63;21.46673238;15.37552193;330.0622144;9116.01;5987.27;20413.12;422.91;199.71;129.22;127.26;497.31
Felsic;UPL12;V;Banquetredendron Oblanceolatum;1.784;46.31766667;1043.1;26.01576013;17.1645197;446.320057;8579.006667;1287.2;7567.706667;72.05333333;244.8633333;177.1433333;64.87666667;334.01
Felsic;UPL12;V;Celtis Durandii;2.255;35.511;870.09;15.74767184;25.91685918;408.1301934;7629.41;3444.11;20630.41;312.19;366.57;336.35;114.8;2777.44
Felsic;UPL12;V;Chryssophylum Albidum;2.887333333;49.345;1046.763333;17.15766593;31.4360166;549.070541;8092.036667;2339.766667;7638.016667;89.62;304.2233333;161.6833333;71.12333333;1074.37
Felsic;UPL12;V;Funtumia Latifolia;2.039;48.0015;1494.14;23.7639855;15.28427125;373.0819204;15472.545;1727.195;5378.395;70.95;179.435;99.2;165.505;542.61
Felsic;UPL12;V;Tabernaemontana Holistii;2.435;63.452;1449.66;26.05831622;16.79704207;437.7026337;15681.23;6289.64;11092.6;13.64;101.32;227.97;1046.32;249.4
Felsic;UPL12;V;Uvariopsis Congnesis;3.002666667;44.54566667;1755.896667;15.32849337;18.99907759;274.2897129;19731.22667;2897.033333;9067.516667;102.4866667;252.63;120.8166667;179.07;1878.303333
Felsic;UPL2;PL;Aphania Senegalensis;2.228;45.818;2252.22;20.56463196;9.89246166;203.4348332;12654.19;1946.8;3704.43;39.41;1131.03;285.71;147.78;384.24
Felsic;UPL2;PL;Celtis Durandii;2.3875;48.6495;910.6;22.5481901;25.58311205;534.8216857;10027.45;2322.155;12392.83;303.47;217.095;166.295;232.94;817.815
Felsic;UPL2;PL;Dasylepis Eggelingii;2.259;42.24;1107.26;18.69853918;20.40171233;381.4822174;15788.42;4335.98;14065.81;140.54;193.72;155.74;491.9;1889.75
Felsic;UPL2;PL;Uvariopsis Congnesis;3.646;43.898;1512.25;12.04004388;24.10977021;290.2826914;20128.64;2344.97;9409.34;102.13;212.11;161.04;68.74;1343.35
Felsic;UPL3;PL;Banquetredendron Oblanceolatum;2.077;46.046;1381.37;22.1694752;15.03579779;333.3357464;17053.53;1950.84;9929.3;38.48;240.49;155.84;515.61;871.53
Felsic;UPL3;PL;Cheatachme Aristata;2.801;38.155;1365.3;13.62192074;20.51563759;279.4623892;23984.94;3717.43;17035.57;338.85;194.19;112.95;59.45;970.97
Felsic;UPL3;PL;Ficus Brachypus;2.093;41.909;1254;20.02341137;16.69059011;334.2025518;7938.16;1349.43;10207.57;62.99;536.34;229.04;72.53;313.02
Felsic;UPL3;PL;Harrisonia Abyssinica;1.975;45.772;1573.73;23.1756962;12.54980206;290.8504;14219.93;1847.68;18080.44;120.46;613.95;254.52;71.89;880.12
Felsic;UPL4;UP;Aphania Senegalensis;2.052;69.249;1728.19;33.74707602;11.87369444;400.7024691;21278.94;1800.93;5225.85;55.05;167.12;60.95;33.42;1761.61
Felsic;UPL4;UP;Banquetredendron Oblanceolatum;1.925;56.116;1156.905;30.1531432;16.85638599;481.855893;13721.705;2361.115;16491.125;184.34;230.67;164.815;52.945;1059.84
Felsic;UPL4;UP;Celtis Durandii;2.7025;35.4215;889.315;13.61118222;31.2304302;405.3925211;4207.35;2088.47;14649.65;200.625;313.105;240.885;340.61;1953.385
Felsic;UPL4;UP;Chryssophylum Albidum;2.4615;55.3075;1013.44;22.54633469;26.87833812;583.149223;7316.78;1642.945;8095.99;48.41;246.13;211.495;317.155;400.86
Felsic;UPL4;UP;Monodora Angolensis;4.103;44.992;3416.8;10.9656349;12.00831187;131.6787638;23318.01;3763.15;6365.81;39.37;98.74;36.81;27.75;448.72
Felsic;UPL4;UP;Tabernaemontana Holistii;2.532;46.298;1465.09;18.28515008;17.28221474;316.0078903;6714.33;3903.63;20628.73;238.96;605.23;205.66;13.71;1913.62
Felsic;UPL4;UP;Uvariopsis Congnesis;3.356333333;51.41133333;1566.64;15.48978002;22.15642983;334.3655221;16079.99333;2315.14;6883.14;172.2233333;149.2333333;66.49666667;134.5833333;1272.176667
Felsic;UPL5;UP;Bosquecia Phaberas;3.098;45.8;1827.97;14.78373144;16.94776172;250.5511578;28265.4;5068.92;7576.7;19.76;171.93;308.29;349.79;339.9
Felsic;UPL5;UP;Celtis Durandii;5.867;43.266;1733.12;7.37446736;33.85224335;249.6422637;27160.33;1200.86;8617.05;61.63;270.8;102.72;26.15;967.41
Felsic;UPL5;UP;Chryssophylum Albidum;2.928;49.174;1182.72;16.79439891;24.75649351;415.7704275;16823.77;2495.33;5096.92;55.1;226.31;177.11;135.79;452.62
Felsic;UPL5;UP;Ehretia Cymosariter;1.675;41.73;5127.39;24.91343284;3.266769253;81.38643637;26334.89;5050.06;11297.71;91.21;231.98;132.84;25.78;1048.87
Felsic;UPL5;UP;Funtumia Latifolia;2.049;69.992;963.06;34.159102;21.27593296;726.7667643;18690.16;3774.97;8058.8;62.19;301.55;116.85;405.2;2548.06
Felsic;UPL5;UP;Lovoa Brownii;3.91;74.115;2103.9;18.95524297;18.58453349;352.2743476;22533.84;2412.42;7661.23;139.33;131.37;87.58;59.71;513.54
Felsic;UPL5;UP;Monodora Angolensis;3.038;43.464;1122.83;14.30678078;27.05663368;387.0933267;12876.77;2550.27;6058.13;49.77;181.17;115.47;437.99;258.81
Felsic;UPL5;UP;Pseudospondias Microcarpa;1.815;40.215;1415.33;22.15702479;12.8238644;284.1386814;6427.88;3726.59;19619.62;231.7;575.4;193.09;13.52;1562.08
Felsic;UPL5;UP;Tabernaemontana Holistii;3.005;44.786;3051.23;14.90382696;9.848487331;146.780151;21153.49;3621.62;5336.72;56.65;519.61;173.85;128.93;1058.75
Felsic;UPL5;UP;Uvariopsis Congnesis;2.764;42.304;975.75;15.30535456;28.326928;433.5536767;12129.51;3561.9;12633.25;103.13;144.78;111.06;545.39;394.67
Felsic;UPL6;UP;Banquetredendron Oblanceolatum;1.98825;51.73975;1623.1875;26.82794085;13.95699194;372.1508242;22075.435;2509.7225;11514.7575;92.035;331.34;147.9325;219.795;783.985
Felsic;UPL6;UP;Celtis Durandii;2.696;37.0725;1451.86;13.83989012;18.53813004;256.1970487;15407.95;4564.15;22732.89;271.98;770.935;369.2;72.995;1565.37
Felsic;UPL6;UP;Chryssophylum Albidum;2.686;49.086;1961.24;18.274758;13.69541719;250.2804348;12085.27;1866.28;4269.38;23.26;122.09;50.39;455.43;294.57
Felsic;UPL6;UP;Frema Orientalis;2.927;44.302;1222.15;15.13563375;23.94959702;362.4923291;19136.97;6234.84;8468.55;9.4;86.49;351.6;116.57;148.54
Felsic;UPL6;UP;Funtumia Latifolia;2.019;48.4405;1690.63;24.61147694;13.0156592;331.6996283;15180.36;2109.525;4294.46;24.215;144.705;70.525;141.165;1075.32
Felsic;UPL6;UP;Ritchiea Albersii;2.228;48.366;1283.56;21.70825853;17.35797314;376.8113684;17380.98;3277.77;19968.06;259.51;475.1;251.52;55.89;1722.73
Felsic;UPL6;UP;Trema Orientalis;2.473;45.416;1498.065;18.37615581;17.4229446;319.1799072;16684.5;2742.705;8010.37;152.125;271.03;217.71;161.125;1120.995
Felsic;UPL6;UP;Uvariopsis Congnesis;3.4315;43.0525;1234.41;12.59122846;29.05736053;361.8695649;13441.985;5042.64;13803.05;129.92;269.685;141;607.835;1571.42
Felsic;UPL7;MS;Cheatachme Aristata;2.205;56.794;1092.68;25.7569161;20.17974155;519.7679101;15705.37;2675.12;5912.2;44.88;146.34;107.32;130.73;495.61
Felsic;UPL7;MS;Chryssophylum Albidum;2.841;45.955;1071.69;16.17564238;26.50953167;428.808704;6770.06;2210.25;6211;22.29;139.3;76.15;365.9;579.49
Felsic;UPL7;MS;Diospyros Abyssinica;2.6918;48.0344;1253.04;18.08696476;21.82316466;393.5631928;12451.396;2595.446;11225.966;112.456;289.26;214.782;420.346;780.198
Felsic;UPL7;MS;Drypetes Ugendensis;2.591;41.645;2072.69;16.07294481;12.50066339;200.9224727;20888.15;2808.61;5191.79;44.36;211.7;54.44;66.54;1399.26
Felsic;UPL7;MS;Monodora Angolensis;3.204;44.532;3143.93;13.8988764;10.19106659;141.644375;26600.67;3741.83;14137.79;79.19;164.32;108.89;122.75;465.25
Felsic;UPL7;MS;Pterygota Mildbraedii;2.464;47.315;1188.5;19.20251623;20.73201515;398.1068574;12190.94;2123.72;16635.17;101.32;216.27;146.13;245.49;535.8
Felsic;UPL7;MS;Strombosia Scheffleri;3.128;43.448;2361.71;13.89002558;13.24464054;183.9683958;20810.1;4884.45;13031.16;101.39;268.38;107.35;495.01;272.35
Felsic;UPL7;MS;Teclea Nobilis;2.014;40.575;1039.77;20.14647468;19.36966829;390.2305318;11452.96;3103.78;26339.48;100.87;219.2;180.41;102.81;1119.3
Felsic;UPL7;MS;Uvariopsis Congnesis;3.528;43.825;1552.99;12.42205215;22.71746759;282.1975673;20080.36;3320.94;9410.35;66.3;182.82;68.31;385.74;1557.01
Felsic;UPL8;MS;Chryssophylum Albidum;3.127;48.781;948.53;15.59993604;32.96680126;514.2799911;4785.92;1641.1;4450.93;18.82;259.72;184.44;715.16;784.79
Felsic;UPL8;MS;Diospyros Abyssinica;2.862;47.186;1229.03;16.48707198;23.28665696;383.9287894;14473.27;4024.58;13661.72;64.38;224.35;107.3;981.27;468.2
Felsic;UPL8;MS;Monodora Angolensis;2.695;41.138;1033.13;15.26456401;26.08577817;398.1880305;7106.45;888.06;2938.64;11.76;129.39;86.26;562.63;511.66
Felsic;UPL8;MS;Pterygota Mildbraedii;2.773;45.821;1483.57;16.52398125;18.6913998;308.8563398;15925.72;2240.5;17261.95;125.15;129.18;94.87;756.93;322.96
Felsic;UPL8;MS;Tabernaemontana Holistii;2.595;62.347;1481.2;24.02581888;17.51957872;420.9222252;12099;2657.33;7991.17;234.08;249.42;151.57;141.98;894.09
Felsic;UPL8;MS;Teclea Nobilis;2.7135;42.112;1076.28;15.54341276;25.22166492;392.1476689;12298.395;2615.96;14292.565;64.6;209.955;161.46;354.86;862.955
Felsic;UPL8;MS;Uvariopsis Congnesis;3.514;43.08666667;1283.57;12.30821811;27.76468133;338.895525;15179.23667;3161.493333;9768.966667;59.92666667;161.88;107.2466667;292.12;886.9066667
Mixed;NPL1;PL;Carapa Grandiflora;1.913333333;48.96666667;848.68;25.63793946;22.84220007;584.0818596;7853.65;2625.996667;5593.696667;33.61666667;195.63;145.78;350.2866667;965.5833333
Mixed;NPL1;PL;Cleistanthus Polystachyus;1.896666667;49.60333333;1181.63;26.19440018;18.05917273;474.246347;9493.03;1890.01;5932.363333;57.49;212.7033333;136.73;369.21;932.23
Mixed;NPL1;PL;Syzygium Guineense;1.82;49.23666667;833.5233333;27.08392035;22.34488651;602.6378465;4759.396667;2367.31;6801.573333;24.57666667;262.6066667;441.6533333;445.87;450.9066667
Mixed;NPL10;V;Carapa Grandiflora;1.928;48.66766667;1214.603333;25.57329124;18.86834122;488.4073221;8672.173333;1857.49;3476.246667;18.33;298.8266667;443.9633333;303.9466667;438.5833333
Mixed;NPL10;V;Cleistanthus Polystachyus;2;49.2;825.12;24.6;24.23889858;596.2769052;4905.88;1660;4387.58125;19.70428571;212.62;144.35;152.15;391.7414286
Mixed;NPL10;V;Melchiora Schliebenii ;1.627;49.05666667;767.81;30.30163345;21.71375394;662.7908714;7423.53;2829.963333;4473.066667;19.15333333;169.8166667;483.67;477.0266667;230.9966667
Mixed;NPL10;V;Syzygium Guineense;1.5325;50.944;878.91;33.21847692;18.56008261;619.8847373;6797.83;2286.56;5626.355;21.725;157.76;120.465;294.43;559.455
Mixed;NPL11;V;Carapa Grandiflora;1.956;48.9785;859.015;25.06564621;23.23933468;584.6947454;7836.3;1815.75;2286.2;13.825;216.615;147.42;129.685;764.145
Mixed;NPL11;V;Chionanthus Africanus ;2.263;47.90366667;1069.283333;21.43214863;23.79895762;523.848175;10413.35;1739.103333;4079.766667;26.91666667;246.7733333;138.23;89.23666667;576.12
Mixed;NPL11;V;Melchiora Schliebenii ;1.729666667;49.49566667;898.3766667;28.86043319;19.92692238;570.6631033;7021.423333;2632.356667;4019.823333;18.28333333;302.9366667;872.7366667;330.2;410.8333333
Mixed;NPL11;V;Symphonia Globulifera;2.028;48.06;845.26;23.69822485;23.99261766;568.582448;5475.96;3431.58;7291.85;34.38;497.45;477.23;780.55;446.89
Mixed;NPL11;V;Syzygium Guineense;1.578;48.23966667;1158.403333;30.63677505;16.13685255;497.2926717;9942.976667;2352.34;7564.696667;94.46666667;253.6133333;201.39;302.5933333;382.0033333
Mixed;NPL12;V;Carapa Grandiflora;1.7605;47.4165;924.835;27.08384892;18.99120485;512.9977964;5384.165;1617.88;2420.865;13.645;207.23;145.66;380.085;656.62
Mixed;NPL12;V;Chionanthus Africanus ;2.03;47.669;1285.12;23.54826947;15.97851519;376.6767073;9867.783333;2345.193333;6833.466667;29.04;268.78;231.93;30.43666667;444.1933333
Mixed;NPL12;V;Ixora Burundiensis;1.889;48.71466667;830.11;25.84972223;24.22223512;620.4622823;7923.856667;1880.366667;4102.743333;24.55333333;176.4933333;145.43;102.1366667;445.6633333
Mixed;NPL12;V;Syzygium Guineense;1.380666667;47.91133333;693.63;34.79038736;19.90950683;690.8177938;5558.063333;3066.346667;6234.86;20.76;221.2533333;228.3666667;321.3066667;368.5533333
Mixed;NPL2;PL;Cleistanthus Polystachyus;2.097333333;50.101;1061.13;16.51693531;19.73166588;470.5372606;5443.393333;1630.216667;2886.24;15.68;199.4166667;131.1733333;129.4466667;595.45
Mixed;NPL2;PL;Sericanthe Leonardii;2;49.2;1005.85;24.6;19.88368047;489.1385395;10294.73;372.61;16038.69;91.63;258.59;205.65;46.83;2343.6
Mixed;NPL2;PL;Syzygium Guineense;1.7715;47.792;738.35;27.30736374;24.48679034;653.8172106;6496.705;2412.31;5169.87;20.11;150.405;697.775;429.535;185.85
Mixed;NPL3;PL;Cleistanthus Polystachyus;2.07;48.68725;1009.7875;23.5640999;20.82148565;490.0282542;6151.0675;2016.57;4836.9875;24.125;187.7375;116.455;425.015;1097.86
Mixed;NPL3;PL;Diospyros Gabunensis;2.646;49.589;827.04;18.85127262;32.01364678;603.1027969;9018.706667;2167.54;3594.156667;11.32666667;248.2333333;619.4633333;494.6866667;416.2233333
Mixed;NPL3;PL;Parinari Excelsa;1.925;46.94;1409.03;24.38441558;13.66188087;333.1369808;13626.71;2009.39;3928.94;30.63;204.21;181.74;30.63;1055.75
Mixed;NPL4;UP;Carapa Grandiflora;1.904333333;49.123;1381.843333;25.79793736;14.73266684;379.9473366;10961.21;1950.47;3538.663333;17.04333333;201.1833333;153.35;71.58666667;602.92
Mixed;NPL4;UP;Cleistanthus Polystachyus;2.167666667;48.57733333;971.57;22.53475272;22.41068104;506.2515251;5272.08;1363.353333;2596.953333;23.50666667;250.7333333;195.2633333;383.8833333;484.2533333
Mixed;NPL4;UP;Melchiora Schliebenii ;1.8545;49.32;2739.645;26.76459918;7.304793663;199.2553148;5625.805;2595.165;5156.92;45.86;272.02;888.15;498.96;435.905
Mixed;NPL4;UP;Pentadesma Reindersii;1.7895;48.7205;738.93;27.22569864;24.47932551;665.8988813;6017.245;1970.035;3400.215;25.12;427.895;379.635;320.545;410.525
Mixed;NPL4;UP;Syzygium Guineense;1.708333333;46.94933333;859.02;27.86600892;20.28122865;567.7617145;5903.79;1732.326667;4515.586667;21.32;310.48;305.2166667;337.96;404.6266667
Mixed;NPL5;UP;Cleistanthus Polystachyus;1.8;48.4282;870.65;27.00877825;20.79280825;561.9821911;6245.22;3241.952;9147.728;59.352;253.232;177.634;610.606;373.81
Mixed;NPL5;UP;Melchiora Schliebenii ;1.7645;47.851;729.77;27.17004674;24.31185646;663.728053;6348.62;2036.02;3196.26;17.385;236.015;455.36;463.285;277.755
Mixed;NPL5;UP;Pentadesma Reindersii;1.6375;47.7665;744.485;29.30992035;22.08572521;650.0957984;6559.185;1761.34;3519.885;22.985;178.24;501.61;250.495;482.475
Mixed;NPL5;UP;Syzygium Guineense;1.674;86.1005;937.96;49.41449415;18.40800076;984.3526286;8237.76;2306.97;5801.745;34.065;242.585;251.85;232.295;420.825
Mixed;NPL6;UP;Cleistanthus Polystachyus;2.151666667;47.72966667;999.7233333;22.4447987;21.63787188;479.4698253;7143.816667;2332.313333;6918.003333;43.59333333;277.5866667;196.4766667;372.95;638.5466667
Mixed;NPL6;UP;Diospyros Gabunensis;2.156;50.13233333;981.4966667;23.34699195;22.93256487;528.196395;8867.33;2607.92;5085.92;14.31;225.4133333;357.92;486.9666667;382.74
Mixed;NPL6;UP;Strombosia Scheffleri;3.345333333;48.447;1539.933333;14.51466851;22.14195576;322.653334;8901.25;1407.146667;2914.006667;18.82;259.5933333;170.6833333;253.75;251.1433333
Mixed;NPL6;UP;Syzygium Guineense;1.7305;47.763;675.68;27.75438989;26.0774492;729.9298561;7090.31;1988.145;4947.02;20.54;231.805;219.065;426.775;386.27
Mixed;NPL7;MS;Cleistanthus Polystachyus;1.92125;47.66975;1135.1775;25.7034245;17.65581656;437.6515938;8044.22;1600.05;6063.18;21.555;231.8025;103.8975;419.975;1462.69
Mixed;NPL7;MS;Ocotea Usambarensis;2.082;50.99;985.5;24.49087416;21.12633181;517.4023338;5324.86;1559.71;3999.6;17.88;230.48;260.28;443.08;351.68
Mixed;NPL7;MS;Pentadesma Reindersii;1.8995;49.325;842.93;26.04374653;22.53088579;586.6838891;5980.77;2027.995;4050.12;24.48;234.085;195.735;571.265;1271.91
Mixed;NPL8;MS;Cleistanthus Polystachyus;2.16075;48.19675;857.6675;23.06566552;25.21858647;565.3215373;6028.8625;1720.7525;3951.79;20.38;284.675;195.3825;710.6625;815.3925
Mixed;NPL8;MS;Pentadesma Reindersii;2.161;46.952;782.55;21.72697825;27.61484889;599.9872213;5609.62;2695.01;3970.65;13.97;385.29;972.2;828.47;497.08
Mixed;NPL9;MS;Cleistanthus Polystachyus;2.062333333;48.66033333;928.3066667;23.64932959;22.52958762;532.0064735;7232.703333;1467.396667;3242.84;36.56;506.8633333;208.2566667;243.93;1104.75
Mixed;NPL9;MS;Parinari Excelsa;1.727;45.225;1895.83;26.18702953;9.109466566;238.54987;23213.84;1407.75;3150.254;64.54;219.84;292.44;38.32;296.48
Mixed;NPL9;MS;Strombosia Scheffleri;3.613666667;48.083;1359.09;13.33934437;27.25846924;362.0682858;7265.42;1290.91;2514.523333;16.91333333;285.2633333;161.1666667;166.4233333;564.46
