region;plotID;slope;treeID;Species;N;C;CN;N_mass;C_mass;P;NP;CP;K;Mg;Ca;Na;Fe;Al;Mn;Si;BA;meanWD;predHeight18;DBH18
Mafic;KBPL1;PL;1008;NeoboutoniaMacrocalyx;4.15;50.18;12.09156627;41500;501800;2196.8;18.89111435;228.423161;17685.58;4106.51;8703.87;213.01;75.94;40.75;61.13;407.5;0.37397655;0.33;15.17952001;27.6
Mafic;KBPL1;PL;1015;NeoboutoniaMacrocalyx;3.9;47.73;12.23846154;39000;477300;3191.47;12.22007414;149.5549073;16294.75;2954.51;6360.6;147.6;818.29;316.26;142.96;498.6;0.224829738;0.33;13.18212263;21.4
Mafic;KBPL1;PL;1017;NeoboutoniaMacrocalyx;3.61;47.84;13.25207756;36100;478400;2526.85;14.28656232;189.326632;13736.11;3834.16;7767.3;61.63;719.02;420.21;253.99;588.29;0.376691434;0.33;15.20828223;27.7
Mafic;KBPL1;PL;1023;AllophylusKivuensis;3.75;48.13;12.83466667;37500;481300;3455.39;10.85260998;139.2896316;10526.61;3033.72;5698.03;29.85;848.92;466.44;722.05;615.7;0.393186934;0.5178;15.37883113;28.3
Mafic;KBPL1;PL;1024;AllophylusKivuensis;4.52;46.49;10.28539823;45200;464900;3446.51;13.11471605;134.8900772;28754.37;3510.83;5899.93;37.83;1034.71;389.67;875.82;552.35;0.077941238;0.5178;9.347006901;12.6
Mafic;KBPL1;PL;1041;AgauriaSalicifolia;2.66;46.02;17.30075188;26600;460200;1786.19;14.89203276;257.6433638;4807.34;1771.47;11244.82;67.98;692.04;303.21;2219.33;1481.44;5.726295;0.4731;24.78492136;108
Mafic;KBPL1;PL;1062;DombeyaGoetzenii;3.45;44.7;12.95652174;34500;447000;2211.67;15.59907219;202.109718;23499.9;7070.11;10074.1;41.8;976.63;1058.33;3988.22;478.81;0.459694238;0.5;16.00205078;30.6
Mafic;KBPL1;PL;1063;DombeyaGoetzenii;3.49;46.47;13.31518625;34900;464700;2080.06;16.77836216;223.4070171;21529.58;5538.93;6878.77;35.6;792.06;780.56;2828.68;421.95;0.51536655;0.5;16.45852319;32.4
Mafic;KBPL1;PL;1075;AllophylusKivuensis;3.56;49.2;13.82022472;35600;492000;2515.35;14.15309997;195.599022;11940.06;2291.33;4745.76;27.51;905.92;334.07;548.27;495.21;0.169844738;0.5178;12.11480516;18.6
Mafic;KBPL4;UP;1088;NeoboutoniaMacrocalyx;3.94;48.72;12.36548223;39400;487200;2682.5;14.68779124;181.6216216;13856.7;2869.83;5390.11;46.35;845.89;424.87;206.64;614.14;0.557552809;0.33;16.77255595;33.7
Mafic;KBPL4;UP;1091;TabernaemontanaJohnstonii;3.02;47.14;15.60927152;30200;471400;1894.1;15.94424793;248.8780951;18077.68;4017.68;5170.7;22.57;442.02;468.35;2281.58;250.16;0.6648472;0.5261;17.47327023;36.8
Mafic;KBPL4;UP;1092;TabernaemontanaJohnstonii;3.19;48.75;15.28213166;31900;487500;1769.84;18.02422818;275.4486281;16171.07;3904.35;3553.05;15.27;439.12;486.85;2000.86;242.47;0.521748738;0.5261;16.50766301;32.6
Mafic;KBPL4;UP;1095;MyrianthusHolstii;2.17;41.13;18.95391705;21700;411300;932.92;23.26030099;440.8738155;5630.2;3106.52;7503.73;32.7;525.13;263.52;734.79;2960.33;0.15906375;0.469;11.86984612;18
Mafic;KBPL4;UP;1096;MyrianthusHolstii;2.23;43.32;19.42600897;22300;433200;929.44;23.99294199;466.0871062;3256.82;3896.52;7311.38;35.75;526.81;237.06;754.47;2824.08;0.959115138;0.469;18.91392812;44.2
Mafic;KBPL4;UP;1097;MyrianthusHolstii;2.69;45.48;16.9070632;26900;454800;1004.98;26.76670182;452.5463193;9444.8;2421.79;3253.36;17.73;504.46;285.73;228.58;2138.04;0.063802238;0.469;8.692811477;11.4
Mafic;KBPL4;UP;1126;AllophylusKivuensis;4.61;46.25;10.03253796;46100;462500;4347.45;10.60391724;106.3842022;21358.82;3465.03;5146.2;22.82;735.99;226.31;1403.51;528.69;0.059403438;0.5178;8.465645526;11
Mafic;KBPL4;UP;1127;AllophylusKivuensis;4.62;46.94;10.16017316;46200;469400;3522.35;13.11624342;133.2633043;17600.23;4169.59;7023.58;40.33;585.78;341.86;1745.81;5131.8;0.23761375;0.5178;13.39593246;22
Mafic;KBPL4;UP;1128;AllophylusKivuensis;4.48;46.25;10.32366071;44800;462500;3605.78;12.42449623;128.2662836;16800.53;4665.97;8564.68;39.69;489.46;188.98;1999.43;655.77;0.069521659;0.5178;8.970241151;11.9
Mafic;KBPL4;UP;1139;MacarangaSpinosa;2.52;47.33;18.78174603;25200;473300;1260.39;19.99381144;375.5186887;8110.87;1781.67;4502.8;27.23;495.99;219.79;1526.87;1155.36;0.14523895;0.3818;11.53344077;17.2
Mafic;KBPL4;UP;1140;MacarangaKilimandsharica;2.47;48.29;19.55060729;24700;482900;1259.13;19.61671948;383.5187788;8100.19;2086.94;4759.92;29.01;419.71;102.51;1972.83;738.84;0.86601375;0.4;18.51601798;42
Mafic;KBPL4;UP;1142;AgauriaSalicifolia;3.27;48.76;14.91131498;32700;487600;1875.51;17.43525761;259.9826181;15146.58;2537.91;3300.44;23.11;321.57;140.57;261.88;161.75;1.178740938;0.4839;19.705891;49
Mafic;KBPL4;UP;1158;NeoboutoniaMacrocalyx;3.35;46.44;13.86268657;33500;464400;2146.41;15.60745617;216.361273;15018.59;3850.12;10018.4;88.77;530.62;384.82;1042.62;530.14;0.103219609;0.33;10.3068592;14.5
Mafic;KBPL4;UP;1159;NeoboutoniaMacrocalyx;4.08;48.19;11.81127451;40800;481900;2415.86;16.88839585;199.4734794;15738.88;2976.79;5994.2;52.22;386.85;177.95;558.99;574.47;0.371271484;0.33;15.15066004;27.5
Mafic;KBPL4;UP;1160;TabernaemontanaJohnstonii;3.12;45.82;14.68589744;31200;458200;1839.24;16.96352841;249.1246384;18751.87;5072.39;6302.55;33.95;569.15;653.02;3936.1;341.49;0.226935859;0.5261;13.21810082;21.5
Mafic;KBPL4;UP;1161;TabernaemontanaJohnstonii;3.15;45.34;14.39365079;31500;453400;1572.76;20.02848496;288.2830184;11999.04;7758.33;9356.03;30.69;632.94;1137.38;7108.13;448.81;0.110460938;0.5261;10.54542598;15
Mafic;KBPL5;UP;1186;NeoboutoniaMacrocalyx;3.83;48.29;12.60835509;38300;482900;3078.94;12.43934601;156.8396916;17612.65;2927.33;4623.09;48.66;434.23;190.91;183.43;501.61;0.447754638;0.33;15.89700127;30.2
Mafic;KBPL5;UP;1187;NeoboutoniaMacrocalyx;3.9;48.98;12.55897436;39000;489800;2892.1;13.48501089;169.357906;15670.52;3215.8;5639.69;57.8;379.58;186.9;190.75;508.67;0.41859295;0.33;15.6283245;29.2
Mafic;KBPL5;UP;1203;TabernaemontanaJohnstonii;3.23;46.27;14.3250774;32300;462700;1750.53;18.45155467;264.3199488;14670.4;7944.38;7032.11;30.01;478.14;1314.39;4231.27;362.11;0.447754638;0.5261;15.89700127;30.2
Mafic;KBPL5;UP;1204;TabernaemontanaJohnstonii;3.41;45.39;13.31085044;34100;453900;1961.9;17.38111015;231.3573577;19965.88;8194.48;7766.09;30.33;435.98;1116.48;2833.85;399.96;0.0615832;0.5261;8.579820697;11.2
Mafic;KBPL5;UP;1205;TabernaemontanaJohnstonii;3.54;44.64;12.61016949;35400;446400;2046;17.30205279;218.1818182;27227.5;6482.74;7530.1;37.47;355.99;966.79;2180.9;312.9;0.05726295;0.5261;8.350264765;10.8
Mafic;KBPL5;UP;1211;AllophylusKivuensis;4.18;45.3;10.83732057;41800;453000;2787.14;14.99745259;162.5322015;24171.13;5357.96;6470.14;21.06;411.56;147.4;727.41;493.87;0.0615832;0.5178;8.579820697;11.2
Mafic;KBPL5;UP;1218;DombeyaGoetzenii;3.88;45.54;11.7371134;38800;455400;3521.21;11.01893951;129.3305426;41556.91;3321.62;8051.94;34.93;534.24;310.63;229.95;366.59;0.5809558;0.5;16.93653106;34.4
Mafic;KBPL5;UP;1225;AllophylusKivuensis;4.95;46.26;9.345454545;49500;462600;3913.09;12.64984961;118.2185945;22556.29;3533.58;3799.04;33.43;409.01;182.87;312.65;456.2;0.186678984;0.5178;12.47104212;19.5
Mafic;KBPL5;UP;1226;AllophylusKivuensis;4.28;46.55;10.87616822;42800;465500;2331.85;18.35452538;199.6269057;13283.37;5712.93;9211.65;39.84;443.98;166.97;707.71;508.49;0.077941238;0.5178;9.347006901;12.6
Mafic;KBPL5;UP;1252;DombeyaGoetzenii;3.5;46.17;13.19142857;35000;461700;2562.91;13.65635157;180.1467863;31962.47;3425.43;9398.61;41.7;782.9;481.49;299.51;420.83;0.324259309;0.5;14.61385586;25.7
Mafic;KBPL9;MS;1262;NeoboutoniaMacrocalyx;4.11;46.54;11.32360097;41100;465400;2853.54;14.40316239;163.0956636;12852.82;4787.2;8825.82;117.5;158.25;170.34;274.33;496.02;0.8172342;0.33;18.28871734;40.8
Mafic;KBPL9;MS;1277;AlangiumChinense;4.03;46.28;11.48387097;40300;462800;2855.34;14.11390587;162.0822739;18042.92;3943.36;8443.38;50.61;128.46;68.12;68.12;155.71;0.13204255;0.4017;11.18525113;16.4
Mafic;KBPL9;MS;1278;AlangiumChinense;4.62;45.93;9.941558442;46200;459300;3086.33;14.96923531;148.8175276;18052.12;4280.1;10872.03;67.94;141.7;83.47;91.23;236.81;0.15906375;0.4017;11.86984612;18
Mafic;KBPL9;MS;1279;AlangiumChinense;4.5;46.33;10.29555556;45000;463300;2808.1;16.02507033;164.9870019;16177.81;3965.07;11222.46;71.44;168.68;75.41;85.33;196.47;0.135282738;0.4017;11.27344051;16.6
Mafic;KBPL9;MS;1280;NeoboutoniaMacrocalyx;3.67;46.41;12.64577657;36700;464100;2492.89;14.721869;186.169466;10966.09;5998.97;10264.5;138.08;242.57;272.43;313.48;621.36;0.22064695;0.33;13.10974754;21.2
Mafic;KBPL9;MS;1294;DombeyaGoetzenii;4.61;43;9.327548807;46100;430000;4048.89;11.38583661;106.2019467;45448.36;4662.35;9479.99;57.51;318.24;235.8;218.55;383.42;0.365890809;0.5;15.09264477;27.3
Mafic;KBPL9;MS;1295;MyrianthusHolstii;2.64;45.12;17.09090909;26400;451200;1687.16;15.64759715;267.4316603;11764.37;3728.91;6369.27;30.5;215.42;181.11;156.32;1298.26;0.435972138;0.469;15.79058203;29.8
Mafic;KBPL9;MS;1308;DombeyaGoetzenii;4.42;45.35;10.260181;44200;453500;2999.06;14.73795122;151.2140471;23136.66;6103.68;12578.7;73.52;307.26;248.82;363.81;422.24;0.946139659;0.5;18.86104408;43.9
Mafic;KBPL9;MS;1320;TrichyliaVolkensii;3.07;47.54;15.48534202;30700;475400;1547.69;19.83601367;307.167456;6194.62;2754.88;4954.54;21.28;174.11;147.03;472.04;918.94;4.200583984;0.6441;23.97833511;92.5
Mafic;KBPL9;MS;1321;MyrianthusHolstii;2.52;42.86;17.00793651;25200;428600;1338.12;18.83239171;320.3001226;8222.16;3818.93;7141.29;41.88;584.31;450.69;299.13;1439.82;0.133657734;0.469;11.2294426;16.5
Mafic;KBPL9;MS;1349;DombeyaGoetzenii;3.83;45.35;11.84073107;38300;453500;2682.38;14.27836474;169.066277;18759.4;5086.94;11338.79;55.56;433.01;327.63;327.63;494.32;0.089473359;0.5;9.812617948;13.5
Mafic;KBPL7;MS;1403;DombeyaGoetzenii;4.52;44.86;9.924778761;45200;448600;2696.21;16.76427281;166.3816988;22626.74;6888.92;13162.16;61.57;595.02;364.93;73.89;581.69;0.051077138;0.5;7.996668776;10.2
Mafic;KBPL7;MS;1404;NeoboutoniaMacrocalyx;3.31;45.56;13.76435045;33100;455600;3172.48;10.43347791;143.6100464;14525.19;8567.83;10912.79;89.15;300.39;170.54;56.2;501.94;0.071878159;0.33;9.079246074;12.1
Mafic;KBPL7;MS;1405;NeoboutoniaMacrocalyx;3.55;45.4;12.78873239;35500;454000;3319.86;10.693222;136.7527546;17746.49;7689.89;9345.07;76.1;254.93;152.2;45.66;481.33;0.39597055;0.33;15.40692321;28.4
Mafic;KBPL7;MS;1411;DombeyaGoetzenii;3.83;41.66;10.8772846;38300;416600;3222.68;11.88451848;129.2712897;36649.53;8262.37;16854.19;99.84;431.29;289.52;109.82;531.12;0.239778784;0.5;13.43109279;22.1
Mafic;KBPL7;MS;1425;AlangiumChinense;3.82;45.1;11.80628272;38200;451000;2839.86;13.45136732;158.8106456;18323.73;4166.67;11211.6;105.61;222.73;78.73;28.8;170.89;0.146932684;0.4017;11.5761222;17.3
Mafic;KBPL7;MS;1426;AlangiumChinense;4.09;44.84;10.96332518;40900;448400;3409.89;11.99452182;131.4998431;22632.21;4815.65;10315.96;88.22;172.6;88.22;28.77;195.62;0.200322138;0.4017;12.73926599;20.2
Mafic;KBPL7;MS;1427;AlangiumChinense;3.85;44.12;11.45974026;38500;441200;3681.84;10.45672816;119.8313887;22655.85;5849.13;11807.7;93.8;291.19;105.53;33.22;244.28;0.074273934;0.4017;9.187155726;12.3
Mafic;KBPL7;MS;1434;MaesaLanceolata;3.42;47.89;14.00292398;34200;478900;2973.74;11.50066919;161.0429964;24283.31;5346.18;8202.36;44.33;331.49;159.96;204.29;256.32;0.474839659;0.676;16.13147718;31.1
Mafic;KBPL7;MS;1439;MaesaLanceolata;3.11;48.59;15.62379421;31100;485900;2424.7;12.82632903;200.3959253;21380.94;2958.89;6465.24;35.99;248.15;96.61;73.88;170.49;0.268817738;0.676;13.87632416;23.4
Mafic;KBPL7;MS;1442;MaesaLanceolata;3.56;47.21;13.26123596;35600;472100;2772.82;12.8389149;170.2598798;29702.91;3337.86;6982.52;25.24;205.83;91.26;97.09;166.99;0.10753495;0.676;10.45066057;14.8
Mafic;KBPL8;MS;1462;AllophylusKivuensis;4.34;49.15;11.32488479;43400;491500;2445.61;17.7460838;200.9723545;14069.36;2228.98;3171.5;17.1;241.33;133.02;535.87;476.96;0.15906375;0.5178;11.86984612;18
Mafic;KBPL8;MS;1463;AllophylusKivuensis;4.42;47.24;10.68778281;44200;472400;2471.04;17.88720539;191.1745662;17082.62;3236.47;5975.31;34.19;214.62;123.46;1094.02;442.55;0.108993034;0.5178;10.49815236;14.9
Mafic;KBPL8;MS;1464;AllophylusKivuensis;4.59;47.7;10.39215686;45900;477000;2734.87;16.78324747;174.4141403;16633.79;3755.96;4731.75;24.54;235.93;134.01;687.02;385.03;0.116430738;0.5178;10.73237187;15.4
Mafic;KBPL8;MS;1479;MaesaLanceolata;3.38;48.65;14.39349112;33800;486500;1739.05;19.43589891;279.7504385;12958.96;2461.74;7587.36;30.51;154.45;106.78;450.02;158.27;0.121011184;0.676;10.87037051;15.7
Mafic;KBPL8;MS;1480;MaesaLanceolata;3.05;48.5;15.90163934;30500;485000;1849.91;16.48728857;262.1749166;23880.16;2210.59;7572.23;27.15;230.75;195.85;585.61;257.9;0.175367784;0.676;12.23501424;18.9
Mafic;KBPL8;MS;1482;MacarangaKilimandsharica;3.33;45.11;13.54654655;33300;451100;1616.89;20.59509305;278.9923866;10966.32;3190.77;6968.08;33.24;385.16;322.6;1161.35;621.73;0.169844738;0.4;12.11480516;18.6
Mafic;KBPL8;MS;1483;DombeyaGoetzenii;4.18;46.27;11.06937799;41800;462700;2501.73;16.70843776;184.9520132;17375.66;4760.21;11818.45;47.46;284.78;176.01;686.25;444.97;0.23761375;0.5;13.39593246;22
Mafic;KBPL8;MS;1484;DombeyaGoetzenii;3.68;44.91;12.20380435;36800;449100;2386.14;15.42239768;188.2119239;17592.08;3948.51;9704.95;49.5;322.77;190.1;548.51;491.09;1.217544638;0.5;19.82865592;49.8
Mafic;KBPL8;MS;1493;NeoboutoniaMacrocalyx;4.15;48.11;11.59277108;41500;481100;3000.85;13.829415;160.3212423;15582.08;3762.43;6515.11;60.62;147.77;102.3;301.22;287.96;0.25520895;0.33;13.67352445;22.8
Mafic;KBPL8;MS;1494;NeoboutoniaMacrocalyx;4;47.66;11.915;40000;476600;2330.9;17.16075336;204.4703762;13011.89;4250.63;8177.76;70.88;185.44;192.39;410.74;386.26;0.0804352;0.33;9.452258307;12.8
Mafic;KBPL8;MS;1495;MacarangaSpinosa;2.51;46.29;18.44223108;25100;462900;1333.46;18.82321179;347.1420215;8780.11;2651.26;6285.49;17.62;146.86;90.07;1979.64;573.72;0.182869309;0.3818;12.39300649;19.3
Mafic;KBPL8;MS;1496;MacarangaSpinosa;2.57;46.1;17.93774319;25700;461000;1318.59;19.49051638;349.6158776;8118.59;2534.67;6030.15;24.12;211.06;184.92;1559.8;4207.04;0.0530998;0.3818;8.115798965;10.4
Mafic;KBPL8;MS;1503;TabernaemontanaJohnstonii;3.63;44.97;12.38842975;36300;449700;1891.57;19.19040797;237.739021;26041.83;4849.4;6027.61;22.77;206.8;516.06;2523.36;210.6;1.256976738;0.5261;19.94897932;50.6
Mafic;KBPL8;MS;1510;TabernaemontanaJohnstonii;3.43;46.75;13.62973761;34300;467500;1637.96;20.94068231;285.4160053;16810.44;5253.62;5551.6;26.57;216.37;707.95;2089.68;280.9;0.319232109;0.5261;14.55210658;25.5
Mafic;KBPL8;MS;1511;TabernaemontanaJohnstonii;3.53;47.1;13.3427762;35300;471000;1749.44;20.17788549;269.2290104;15523.56;5397.2;5663.63;23.51;209.62;773.83;2194.14;284.06;0.5281702;0.5261;16.55649786;32.8
Mafic;KBPL8;MS;1512;TabernaemontanaJohnstonii;3.76;44.56;11.85106383;37600;445600;2104.25;17.86859926;211.7619104;25990.35;5200.77;6806.95;28.96;175.68;693.05;2704.63;216.22;0.05726295;0.5261;8.350264765;10.8
Mafic;KBPL11;V;1755;DombeyaGoetzenii;4.25;45.77;10.76941176;42500;457700;3574.05;11.89127181;128.0620025;24166.42;3587.91;11904.9;29.72;186.23;103.02;71.32;404.16;0.116430738;0.5;10.73237187;15.4
Mafic;KBPL11;V;1759;DombeyaGoetzenii;3.79;44.67;11.78627968;37900;446700;3676.26;10.30939052;121.5093601;24207.77;3138.72;16486.81;36.24;215.42;140.93;116.77;414.74;0.157301284;0.5;11.82841744;17.9
Mafic;KBPL11;V;1764;MaesaLanceolata;3.29;48.7;14.80243161;32900;487000;2926.97;11.24029286;166.3836664;24268.99;2272;8868.37;27.21;180.75;108.84;71.91;153.54;0.076708984;0.676;9.293988599;12.5
Mafic;KBPL11;V;1765;NeoboutoniaMacrocalyx;4.04;45.32;11.21782178;40400;453200;4156.2;9.720417689;109.0419133;23830.21;4357.12;12494.21;51.21;161.52;98.49;61.06;254.1;0.133657734;0.33;11.2294426;16.5
Mafic;KBPL11;V;1766;MaesaLanceolata;3.17;47.25;14.90536278;31700;472500;3038.71;10.43205834;155.4936141;24702.11;2324.51;8885.9;26.36;301.57;149.88;119.59;225.85;0.10753495;0.676;10.45066057;14.8
Mafic;KBPL11;V;1768;MaesaLanceolata;3.05;47.49;15.5704918;30500;474900;2779.31;10.97394677;170.8697482;22597.69;2877.26;11835.53;38.77;236.71;159.17;114.27;232.63;0.198343659;0.676;12.70140697;20.1
Mafic;KBPL11;V;1770;CassipoureaRuwensorensis;2.14;46.14;21.56074766;21400;461400;2358.25;9.074525602;195.6535567;9058;2221.89;14311.93;40.11;212.56;186.49;12.03;242.64;0.907743438;0.6504;18.69981762;43
Mafic;KBPL11;V;1789;MaesaLanceolata;3.19;48.28;15.13479624;31900;482800;2988.06;10.67582311;161.5764074;20846.52;1704.69;6700.32;21.36;166.97;137.85;85.43;157.27;0.098992638;0.676;10.1610323;14.2
Mafic;KBPL11;V;1790;CassipoureaRuwensorensis;2.55;45.9;18;25500;459000;3143.24;8.112648096;146.0276657;10003.87;2375.8;12876.47;34.8;214.58;144.98;13.53;199.11;0.39597055;0.6504;15.40692321;28.4
Mafic;KBPL11;V;1791;CassipoureaRuwensorensis;1.6;48.67;30.41875;16000;486700;1786.96;8.953753861;272.3620003;7459.19;2821.02;5277.86;22.64;247.19;228.32;179.26;443.44;0.069521659;0.6504;8.970241151;11.9
Mafic;KBPL11;V;1793;NeoboutoniaMacrocalyx;3.07;46.18;15.04234528;30700;461800;2875.28;10.677221;160.6104449;13732.57;3615.1;11721.07;57.99;181.95;147.96;35.99;379.91;0.544395684;0.33;16.67726926;33.3
Mafic;KBPL11;V;1795;XymalosMonospora;2.7;43.39;16.07037037;27000;433900;2393.8;11.27913777;181.2599215;20658.35;5921.08;9329.58;24.16;221.46;459.03;120.8;1117.37;0.093494138;0.5422;9.96336189;13.8
Mafic;KBPL11;V;1798;XymalosMonospora;2.58;41.71;16.16666667;25800;417100;2062.73;12.50769611;202.2077538;16637.5;5287.58;13984.86;74.72;300.86;1095.27;306.75;1482.65;0.190527934;0.5422;12.54844864;19.7
Mafic;KBPL12;V;1816;CassipoureaRuwensorensis;2.01;46.38;23.07462687;20100;463800;1185.87;16.94958132;391.1052645;8761.7;4002.55;6621.26;33.32;194.05;162.69;548.83;276.38;0.052083559;0.6504;8.056394382;10.3
Mafic;KBPL12;V;1818;CassipoureaRuwensorensis;1.63;48.45;29.72392638;16300;484500;1145.39;14.23096063;423.0000262;7245.78;2727.75;6624;32.73;154;113.58;598.68;221.38;1.69738695;0.6504;21.05598394;58.8
Mafic;KBPL12;V;1821;CassipoureaRuwensorensis;2.25;46.46;20.64888889;22500;464600;1293.76;17.39116992;359.1083354;6887.59;4023.37;9533.07;37.39;278.57;244.92;448.7;329.05;0.1134262;0.6504;10.63932536;15.2
Mafic;KBPL12;V;1822;AgauriaSalicifolia;1.73;50.44;29.15606936;17300;504400;856.14;20.20697549;589.1559792;6627.55;2213.56;4900.26;30.04;180.24;214.03;820.46;390.52;3.181397734;0.4837;23.16293986;80.5
Mafic;KBPL12;V;1826;NeoboutoniaMacrocalyx;3.66;47.63;13.0136612;36600;476300;2974;12.3066577;160.1546738;15734;3678;8784;70;268;214;166;630;0.329325784;0.33;14.67517196;25.9
Mafic;KBPL12;V;1827;NeoboutoniaMacrocalyx;3.45;48.11;13.94492754;34500;481100;2889.47;11.93990593;166.501123;11291.7;4767.61;8987.15;61.49;199.58;241.28;227.91;520.75;0.17351695;0.33;12.1951097;18.8
Mafic;KBPL12;V;1829;DombeyaGoetzenii;4.39;47.3;10.77448747;43900;473000;2552.99;17.19552368;185.2729545;17049.52;3476.37;9058.21;33.99;154.84;96.3;158.62;347.45;0.557552809;0.5;16.77255595;33.7
Mafic;KBPL12;V;1830;DombeyaGoetzenii;4.45;46.33;10.41123596;44500;463300;3195;13.92801252;145.0078247;23683;3586.94;9492.8;36.5;228.63;147.93;153.7;443.8;0.950455;0.5;18.87871916;44
Mafic;KBPL12;V;1840;NeoboutoniaMacrocalyx;3.55;47.53;13.38873239;35500;475300;2775.86;12.78882941;171.2262146;15000.47;3837.33;9390.92;76.49;184.68;192.15;214.53;544.73;0.244138309;0.33;13.50101404;22.3
Mafic;KBPL12;V;1845;DombeyaGoetzenii;4.15;46.31;11.15903614;41500;463100;3362.16;12.34325553;137.7388346;24505.1;3122.55;7808.32;36.71;187.43;98.55;204.82;351.67;0.1385622;0.5;11.36086127;16.8
Mafic;KBPL6;UP;1887;AllophylusKivuensis;4.34;47.62;10.97235023;43400;476200;2925.35;14.83583161;162.7839404;18450.34;4071.29;7915.66;39.71;336.6;130.48;181.53;3154.16;1.107677734;0.5178;19.46888187;47.5
Mafic;KBPL6;UP;1893;MacarangaKilimandsharica;2.35;47.16;20.06808511;23500;471600;1320.31;17.79885027;357.188842;5248.05;3623.05;5892.58;52.73;332.03;136.72;412.11;958.98;0.15906375;0.4;11.86984612;18
Mafic;KBPL6;UP;1896;AllophylusKivuensis;3.3;47.03;14.25151515;33000;470300;2159.43;15.28181048;217.7889536;11868.3;5571.07;6914.76;60.99;377.38;194.41;360.22;493.64;0.073071138;0.5178;9.133336642;12.2
Mafic;KBPL6;UP;1898;AllophylusKivuensis;4.22;44.52;10.54976303;42200;445200;3327.23;12.68322298;133.8049969;22675.28;8810.88;13625.23;79.08;511.14;291.25;457.13;578.65;0.226935859;0.5178;13.21810082;21.5
Mafic;KBPL6;UP;1900;AlangiumChinense;3.68;45.86;12.46195652;36800;458600;3199.39;11.50219261;143.3398242;21448.89;2827.15;7315.07;53.45;330.25;143.17;32.45;284.43;0.089473359;0.4017;9.812617948;13.5
Mafic;KBPL6;UP;1909;NeoboutoniaMacrocalyx;4.11;47.24;11.49391727;41100;472400;2837.56;14.48427522;166.4810612;14702.43;5404.87;7998.01;99.35;353.7;156.98;81.47;431.2;0.114923559;0.33;10.68595442;15.3
Mafic;KBPL6;UP;1914;NeoboutoniaMacrocalyx;4.01;44.45;11.08478803;40100;444500;3669.93;10.92663893;121.1194764;12516.96;8975.13;13287.49;275.06;290.13;188.39;135.64;482.29;0.329325784;0.33;14.67517196;25.9
Mafic;KBPL6;UP;1923;DombeyaGoetzenii;4.32;44.74;10.35648148;43200;447400;3067.48;14.08322141;145.8526217;25190.38;5196.22;12491.97;52.59;311.62;165.55;105.17;687.51;0.094854034;0.5;10.01313158;13.9
Mafic;KBPL6;UP;1924;DombeyaGoetzenii;4.49;44.97;10.0155902;44900;449700;2810.78;15.97421356;159.9911768;23377.26;5550.75;11492.92;59.01;544.85;479.94;112.12;3406.77;0.192467138;0.5;12.58691854;19.8
Mafic;KBPL6;UP;1926;AllophylusKivuensis;3.81;46.57;12.22309711;38100;465700;2724.23;13.98560327;170.947387;7349.48;7433.71;10975.4;74.66;484.35;252.7;260.36;606.87;0.0615832;0.5178;8.579820697;11.2
Mafic;KBPL6;UP;1947;DombeyaGoetzenii;4.26;43.04;10.10328638;42600;430400;3601.67;11.82784653;119.5001208;32616.29;5323.71;18689.96;96.83;717.68;368.33;208.85;601.86;0.054125859;0.5;8.174885438;10.5
Mafic;KBPL6;UP;1950;MacarangaKilimandsharica;2.48;45.12;18.19354839;24800;451200;1379.57;17.9766159;327.0584313;3715.21;5035.6;7019.88;59.18;445.68;353.21;582.52;5664.36;1.232258034;0.4;19.87405966;50.1
Mafic;KBPL6;UP;1951;MacarangaKilimandsharica;2.13;43.89;20.6056338;21300;438900;1422.39;14.97479594;308.5651615;3658.12;6030.06;10363.38;68.1;428.08;317.17;1251.16;1241.43;1.07527095;0.4;19.35512046;46.8
Mafic;KBPL6;UP;1954;DombeyaGoetzenii;4.07;44.02;10.81572482;40700;440200;3406.89;11.94637925;129.2087505;22967.44;6708.83;17784.02;56.22;451.63;251.11;131.18;595.92;0.084249784;0.5;9.608204849;13.1
Mafic;KBPL10;V;1960;AlangiumChinense;2.97;43.6;14.68013468;29700;436000;3362.23;8.833423056;129.6758401;22871.42;3816.8;13881.95;60.74;190.06;115.6;35.27;256.67;2.835655;0.4017;22.80245633;76
Mafic;KBPL10;V;1961;AlangiumChinense;3.34;46.11;13.80538922;33400;461100;2331.33;14.32658611;197.7840975;12747.3;3316.18;11623.95;63.48;121.18;59.63;32.7;207.74;0.355247284;0.4017;14.97541819;26.9
Mafic;KBPL10;V;1963;AlangiumChinense;3.3;45.8;13.87878788;33000;458000;2861.06;11.53418663;160.0805296;14913.89;3485.32;12125.24;66.54;148.73;84.15;31.31;209.39;0.668465409;0.4017;17.49481844;36.9
Mafic;KBPL10;V;1969;NeoboutoniaMacrocalyx;4.19;46.78;11.1646778;41900;467800;2762.08;15.16972716;169.3651161;15390.34;5145.17;12674.35;69.7;160.88;95.09;51.45;318.23;0.3217408;0.33;14.58303567;25.6
Mafic;KBPL10;V;1971;DombeyaGoetzenii;4.57;45.3;9.912472648;45700;453000;3334.48;13.70528538;135.8532665;28797.63;3226.03;10794.18;53.24;214.94;130.15;55.21;368.75;0.208334238;0.5;12.88920898;20.6
Mafic;KBPL10;V;1976;NeoboutoniaMacrocalyx;3.5;46.26;13.21714286;35000;462600;3647.17;9.596481656;126.838069;17594.86;3935.51;13106.03;62.34;140.28;91.57;109.1;377.97;0.4537048;0.33;15.94969555;30.4
Mafic;KBPL10;V;1985;NeoboutoniaMacrocalyx;3.81;47.53;12.47506562;38100;475300;2972.55;12.81727809;159.8963853;14321.57;4082.35;9574.51;60.78;145.1;84.31;66.67;258.82;0.2463328;0.33;13.53577657;22.4
Mixed;NPL1;PL;1998;CleistanthusPolystachyus;2;49.93;24.965;20000;499300;1045.01;19.13857284;477.7944709;5452.05;1322.9;2913.89;15.66;178.08;176.13;639.92;1168.3;2.51682055;0.6518;22.41575308;71.6
Mixed;NPL1;PL;2009;CleistanthusPolystachyus;1.79;48.73;27.22346369;17900;487300;737.99;24.25507121;660.3070502;3110.55;841.68;2266.84;14.23;164.68;97.59;408.64;585.51;0.65047255;0.6518;17.38644361;36.4
Mixed;NPL1;PL;2011;SyzygiumGuineense;1.82;50.23;27.5989011;18200;502300;876.62;20.76156145;572.9962812;4143.66;2079.55;4257.58;32.82;295.42;799.38;382.31;498.17;1.8148192;0.6097;21.29498861;60.8
Mixed;NPL1;PL;2026;CarapaGrandiflora;1.97;48.61;24.6751269;19700;486100;733.96;26.84069977;662.2976729;7409.8;2493.95;4972.74;24.66;223.79;180.17;385;305.34;0.271120234;0.5524;13.9096878;23.5
Mixed;NPL1;PL;2029;CarapaGrandiflora;1.97;49.37;25.06091371;19700;493700;970.22;20.30467317;508.8536621;4291.07;962.33;3876.95;15.78;218.89;159.73;609.35;2443.31;0.480966559;0.5524;16.18267157;31.3
Mixed;NPL1;PL;2034;SyzygiumGuineense;1.69;46.43;27.47337278;16900;464300;930.05;18.17106607;499.220472;5250.1;2708.09;10840.17;25.4;252.05;281.36;209.07;457.21;1.363475809;0.6097;20.25369485;52.7
Mixed;NPL1;PL;2038;SyzygiumGuineense;1.95;51.05;26.17948718;19500;510500;693.9;28.10203199;735.6967863;4884.43;2314.29;5306.97;15.51;240.35;244.22;746.23;397.34;4.4493862;0.6097;24.13667844;95.2
Mixed;NPL1;PL;2044;CarapaGrandiflora;1.8;48.92;27.17777778;18000;489200;841.86;21.38122728;581.0942437;11860.08;4421.71;7931.4;60.41;144.21;97.44;56.51;148.1;1.595055938;0.5524;20.83119004;57
Mixed;NPL1;PL;2048;CleistanthusPolystachyus;1.9;50.15;26.39473684;19000;501500;1761.89;10.78387414;284.6375199;19916.49;3505.45;12616.36;142.58;295.35;136.47;59.07;1042.88;4.458738559;0.6518;24.14238501;95.3
Mixed;NPL7;MS;2051;CleistanthusPolystachyus;2.22;47.92;21.58558559;22200;479200;964.32;23.02140368;496.9304795;4987.46;1064.65;3816.35;18.43;110.56;67.56;646.98;550.75;0.639794659;0.6518;17.32065044;36.1
Mixed;NPL7;MS;2054;PentadesmaReindersii;2;49.2;24.6;20000;492000;884.82;22.60346737;556.0452973;7195.9;1743.8;4129.84;21.87;212.76;167.02;178.95;2209.08;2.880605238;0.6828;22.85247875;76.6
Mixed;NPL7;MS;2063;CleistanthusPolystachyus;2.024;48.973;24.19614625;20240;489730;922.78;21.93372201;530.7115455;4953.29;1622.5;4543.37;17.16;181.12;144.9;59.1;877.03;0.7855;0.6518;18.13293248;40
Mixed;NPL7;MS;2075;OcoteaUsambarensis;2.082;50.99;24.49087416;20820;509900;985.5;21.12633181;517.4023338;5324.86;1559.71;3999.6;17.88;230.48;260.28;443.08;351.68;7.918330938;0.5391;25.49928471;127
Mixed;NPL7;MS;2076;PentadesmaReindersii;1.799;49.45;27.48749305;17990;494500;801.04;22.4583042;617.3224808;4765.64;2312.19;3970.4;27.09;255.41;224.45;963.58;334.74;1.485085938;0.6828;20.56997992;55
Mixed;NPL7;MS;2077;CleistanthusPolystachyus;1.332;45.419;34.09834835;13320;454190;1107.32;12.0290431;410.1705018;7652.96;1358.07;3434.3;16.05;174.52;124.37;948.85;1113.34;0.604839909;0.6518;17.09706748;35.1
Mixed;NPL7;MS;2085;CleistanthusPolystachyus;2.109;48.367;22.93361783;21090;483670;1546.29;13.63909745;312.7938485;14583.17;2354.98;12458.7;34.58;461.01;78.76;24.97;3309.64;0.474839659;0.6518;16.13147718;31.1
Mixed;NPL10;V;2125;CleistanthusPolystachyus;2;49.2;24.6;20000;492000;825.12;24.23889858;596.2769052;4905.88;1660;4387.58125;19.70428571;212.62;144.35;152.15;391.7414286;4.763198359;0.6518;24.31929264;98.5
Mixed;NPL10;V;2131;CarapaGrandiflora;2.03;48.377;23.83103448;20300;483770;784.9;25.86316728;616.3460313;6514.88;2524.47;4134.21;17.97;261.63;864.79;459.36;385.46;0.069521659;0.5524;8.970241151;11.9
Mixed;NPL10;V;2133;MelchioraSchliebenii ;1.701;48.889;28.74132863;17010;488890;769.39;22.10842356;635.4254669;7546.83;3154.08;5619.34;24.17;145.02;128.9;364.55;239.68;0.534630938;0.595;16.60503056;33
Mixed;NPL10;V;2145;MelchioraSchliebenii ;1.467;48.931;33.35446489;14670;489310;589;24.90662139;830.7470289;6712.69;2257.52;3062.81;13.52;139.04;272.29;461.55;142.91;0.825265938;0.595;18.32712507;41
Mixed;NPL10;V;2160;MelchioraSchliebenii ;1.713;49.35;28.80910683;17130;493500;945.04;18.12621688;522.2001185;8011.07;3078.29;4737.05;19.77;225.39;1049.82;604.98;310.4;0.404380309;0.595;15.4906388;28.7
Mixed;NPL10;V;2161;CarapaGrandiflora;2.111;48.398;22.92657508;21110;483980;2056.55;10.2647638;235.335878;11862.2;1961.51;3497.27;19.01;368.73;210.98;374.44;306.01;0.070695;0.5524;9.024881695;12
Mixed;NPL10;V;2165;CarapaGrandiflora;1.643;49.228;29.96226415;16430;492280;802.36;20.47709258;613.5400568;7639.44;1086.49;2797.26;18.01;266.12;256.12;78.04;624.28;0.12568;0.5524;11.00652119;16
Mixed;NPL10;V;2180;SyzygiumGuineense;1.586;53.772;33.90416141;15860;537720;676.58;23.441426;794.7618907;6974.78;2608.83;4718.17;19.9;111.44;109.45;435.8;169.15;2.074210938;0.6097;21.76286781;65
Mixed;NPL10;V;2189;SyzygiumGuineense;1.479;48.116;32.53279243;14790;481160;1081.24;13.67873923;445.0075839;6620.88;1964.29;6534.54;23.55;204.08;131.48;153.06;949.76;0.214446409;0.6097;13.00012498;20.9
Mixed;NPL11;V;2214;SyzygiumGuineense;1.483;48.31;32.57585974;14830;483100;704.72;21.04381882;685.5204904;5820.23;2185.98;5123.28;29.12;335.86;298.97;429.04;427.1;0.074273934;0.6097;9.187155726;12.3
Mixed;NPL11;V;2215;CarapaGrandiflora;1.889;48.756;25.81048174;18890;487560;721.71;26.17394798;675.5622064;8270.79;2117.4;2079.63;13.92;274.37;192.85;180.92;324.07;0.168023359;0.5524;12.07440291;18.5
Mixed;NPL11;V;2218;SyzygiumGuineense;1.663;48.468;29.14491882;16630;484680;875.97;18.98466842;553.3066201;10758.51;2631.89;3458.09;23.89;314.55;230.94;412.1;374.28;0.746715938;0.6097;17.9332216;39
Mixed;NPL11;V;2219;CarapaGrandiflora;2.023;49.201;24.32081068;20230;492010;996.32;20.30472137;493.8272844;7401.81;1514.1;2492.77;13.73;158.86;101.99;78.45;1204.22;0.1809792;0.5524;12.35375015;19.2
Mixed;NPL11;V;2224;MelchioraSchliebenii ;1.946;49.234;25.30010277;19460;492340;948.03;20.52677658;519.3295571;6689.24;2506.5;3701.85;13.74;235.54;720.35;327.79;300.31;0.382150659;0.5995;15.26551545;27.9
Mixed;NPL11;V;2238;MelchioraSchliebenii ;1.566;49.598;31.67177522;15660;495980;1063.37;14.72676491;466.4227879;8899.35;2470.08;4212.28;19.62;294.29;235.43;133.41;541.49;0.80128855;0.5995;18.21125918;40.4
Mixed;NPL11;V;2243;SymphoniaGlobulifera;2.028;48.06;23.69822485;20280;480600;845.26;23.99261766;568.582448;5475.96;3431.58;7291.85;34.38;497.45;477.23;780.55;446.89;0.10753495;0.6004;10.45066057;14.8
Mixed;NPL11;V;2252;ChionanthusAfricanus ;2;49.2;24.6;20000;492000;582.06;34.36071883;845.2736831;7790.31;1220.01;3378.63;21.2;225.5;138.77;206.23;963.67;0.09622375;0.6805;10.06266529;14
Mixed;NPL11;V;2260;ChionanthusAfricanus ;2.586;47.667;18.43271462;25860;476670;1195.15;21.63745137;398.8369661;12622.03;1893.3;4023.27;29.58;205.11;138.05;35.5;349.08;1.103018738;0.6805;19.45275561;47.4
Mixed;NPL11;V;2264;ChionanthusAfricanus ;2.203;46.844;21.26373128;22030;468440;1430.64;15.39870268;327.4338757;10827.71;2104;4837.4;29.97;309.71;137.87;25.98;415.61;3.221040938;0.6805;23.20097751;81
Mixed;NPL11;V;2285;SyzygiumGuineense;1.588;47.941;30.1895466;15880;479410;1894.52;8.382070393;253.0509047;13250.19;2239.15;14112.72;230.39;110.43;74.26;66.64;344.63;0.550954609;0.6097;16.72505884;33.5
Mixed;NPL11;V;2295;Melchiora Schliebenii ;1.677;49.655;29.60942159;16770;496550;683.73;24.52722566;726.2369649;5475.68;2920.49;4145.34;21.49;378.98;1662.43;529.4;390.7;0.12568;0.5995;11.00652119;16
Mixed;NPL12;V;2310;SyzygiumGuineense;1.331;48.158;36.18181818;13310;481580;708.57;18.78431207;679.6505638;8262.74;2330.67;3628.73;11.71;236.19;193.25;189.34;339.64;0.789432409;0.6097;18.15259635;40.1
Mixed;NPL12;V;2311;SyzygiumGuineense;1.318;46.926;35.60394537;13180;469260;678.69;19.41976455;691.420236;3532.25;3952.57;7851.15;25.07;217.87;237.15;686.4;372.12;1.796953984;0.6097;21.25983473;60.5
Mixed;NPL12;V;2317;IxoraBurundiensis;2;49.2;24.6;20000;492000;588.32;33.9951047;836.2795757;7031.5;2282.29;4836.44;36.52;225.19;215.04;213.01;377.34;0.214446409;0.7929;13.00012498;20.9
Mixed;NPL12;V;2325;IxoraBurundiensis;1.757;48.104;27.37848606;17570;481040;876.27;20.05089755;548.9632191;6553.75;1253.55;2819.47;12.17;123.73;79.11;58.82;709.94;0.28278;0.7929;14.07467953;24
Mixed;NPL12;V;2327;IxoraBurundiensis;1.91;48.84;25.57068063;19100;488400;1025.74;18.6207031;476.1440521;10186.32;2105.26;4652.32;24.97;180.56;142.14;34.58;249.71;0.33187375;0.7929;14.70566905;26
Mixed;NPL12;V;2336;SyzygiumGuineense;1.493;48.65;32.58539853;14930;486500;693.63;21.52444387;701.3825815;4879.2;2915.8;7224.7;25.5;209.7;254.7;88.18;393.9;0.907743438;0.6097;18.69981762;43
Mixed;NPL12;V;2354;ChionanthusAfricanus ;2;49.2;24.6;20000;492000;1393.31;14.35430737;353.1159613;10412.08;1752.35;4842.92;20.4;177.48;128.52;26.52;391.68;0.093494138;0.6805;9.96336189;13.8
Mixed;NPL12;V;2355;CarapaGrandiflora;1.931;49.302;25.53184878;19310;493020;972.03;19.86564201;507.2065677;4171.79;1212.06;2608.61;15.87;222.18;142.83;297.56;1077.17;0.70891375;0.5524;17.7277607;38
Mixed;NPL12;V;2356;ChionanthusAfricanus ;2.167;46.74;21.56898939;21670;467400;1399.36;15.48565058;334.0098331;11045.95;2713.04;6252.23;22.44;218.27;128.51;28.56;375.34;0.50272;0.6805;16.35931701;32
Mixed;NPL12;V;2362;ChionanthusAfricanus ;1.923;47.067;24.47581903;19230;470670;1062.69;18.09558761;442.9043277;8145.32;2570.19;9405.25;44.28;410.59;438.76;36.23;565.56;0.357893438;0.6805;15.00487567;27
Mixed;NPL12;V;2366;CarapaGrandiflora;1.59;45.531;28.63584906;15900;455310;877.64;18.1167677;518.7890251;6596.54;2023.7;2233.12;11.42;192.28;148.49;462.61;236.07;1.066100238;0.5524;19.3222374;46.6
Mixed;NPL8;MS;2396;PentadesmaReindersii;2.161;46.952;21.72697825;21610;469520;782.55;27.61484889;599.9872213;5609.62;2695.01;3970.65;13.97;385.29;972.2;828.47;497.08;0.349984434;0.6828;14.91619832;26.7
Mixed;NPL8;MS;2442;CleistanthusPolystachyus;2.805;46.767;16.67272727;28050;467670;851.58;32.93877263;549.1791728;9832.19;2885.34;4826.93;28.05;180.33;146.27;939.74;1556.88;0.584338359;0.6518;16.95967283;34.5
Mixed;NPL8;MS;2443;CleistanthusPolystachyus;1.755;47.297;26.94985755;17550;472970;806;21.77419355;586.8114144;4322;1396;4536;20;318;204;798;752;1.22734375;0.6518;19.858963;50
Mixed;NPL8;MS;2444;CleistanthusPolystachyus;2.171;47.973;22.09719023;21710;479730;965.54;22.48482714;496.8515028;4206.3;1259.98;4154.68;19.12;395.77;273.41;890.97;682.57;0.355247284;0.6518;14.97541819;26.9
Mixed;NPL8;MS;2464;CleistanthusPolystachyus;1.912;50.75;26.54288703;19120;507500;807.55;23.67655254;628.4440592;5754.96;1341.69;2289.55;14.35;244.6;157.85;213.94;270.12;0.316733238;0.6518;14.521068;25.4
Mixed;NPL4;UP;2472;CarapaGrandiflora;1.88;49.019;26.07393617;18800;490190;1113.24;16.88764328;440.3273328;8144.76;2171.41;3672.12;15.73;180.95;127.85;92.44;645.13;2.01088;0.5524;21.65543788;64
Mixed;NPL4;UP;2474;CleistanthusPolystachyus;1.993;48.138;24.15353738;19930;481380;839.23;23.74795944;573.597226;5980.74;1338.44;3392.3;17.69;143.47;102.2;406.84;290.88;0.384895;0.6518;15.29398746;28
Mixed;NPL4;UP;2478;CleistanthusPolystachyus;2.4;48.935;20.38958333;24000;489350;1112.47;21.57361547;439.8770304;5262.18;1671.65;3137.29;31.39;382.6;323.74;627.85;612.15;0.4778982;0.6518;16.15711513;31.2
Mixed;NPL4;UP;2479;SyzygiumGuineense;2.028;48.17;23.75246548;20280;481700;1064.39;19.0531666;452.5596821;9245.89;1971.9;5657.55;25.82;375.32;383.26;393.19;417.02;0.86601375;0.6097;18.51601798;42
Mixed;NPL4;UP;2480;PentadesmaReindersii;1.79;49.136;27.45027933;17900;491360;815.46;21.95080078;602.5556128;6231.01;2539.23;3316.34;24.22;617.65;563.15;316.9;532.88;0.387649159;0.6828;15.32236375;28.1
Mixed;NPL4;UP;2483;SyzygiumGuineense;1.664;49.843;29.95372596;16640;498430;673.05;24.72327465;740.5541936;4187.41;1575.82;4120.91;20.15;298.24;330.48;372.8;405.04;2.447009238;0.6097;22.3227238;70.6
Mixed;NPL4;UP;2486;CleistanthusPolystachyus;2.11;48.659;23.06113744;21100;486590;963.01;21.91046822;505.280319;4573.32;1079.97;1261.27;21.44;226.13;159.85;116.96;549.73;0.3217408;0.6518;14.58303567;25.6
Mixed;NPL4;UP;2496;PentadesmaReindersii;1.789;48.305;27.00111794;17890;483050;662.4;27.00785024;729.2421498;5803.48;1400.84;3484.09;26.02;238.14;196.12;324.19;288.17;0.70891375;0.6828;17.7277607;38
Mixed;NPL4;UP;2497;MelchioraSchliebenii ;2;49.2;24.6;20000;492000;3587.78;5.574477811;137.1321541;6434;1922.65;5229.68;54.21;245.9;935.19;358.2;445.33;1.03882375;0.6211;19.22255681;46
Mixed;NPL4;UP;2505;SyzygiumGuineense;1.433;42.835;29.89183531;14330;428350;839.62;17.06724471;510.171268;4278.07;1649.26;3768.3;17.99;257.88;201.91;247.89;391.82;1.145303184;0.6097;19.59641429;48.3
Mixed;NPL4;UP;2523;MelchioraSchliebenii ;1.709;49.44;28.92919836;17090;494400;1891.51;9.035109516;261.3784754;4817.61;3267.68;5084.16;37.51;298.14;841.11;639.72;426.48;1.379043438;0.6211;20.29595642;53
Mixed;NPL4;UP;2535;CarapaGrandiflora;1.903;49.151;25.82816605;19030;491510;1924.5;9.888282671;255.3962068;15713.17;2084.06;4489.2;19.46;324.97;272.43;50.59;414.48;0.720151309;0.5524;17.79001707;38.3
Mixed;NPL4;UP;2537;CarapaGrandiflora;1.93;49.199;25.49170984;19300;491990;1107.79;17.42207458;444.1184701;9025.7;1595.94;2454.67;15.94;97.63;59.77;71.73;749.15;1.047876638;0.5524;19.25595685;46.2
Mixed;NPL5;UP;2547;Cleistanthus Polystachyus;1.794;47.362;26.40022297;17940;473620;958.73;18.71225475;494.0076977;11651.91;1812.03;6434.61;59.67;190.95;97.46;49.73;192.94;0.20430855;0.6518;12.81453419;20.4
Mixed;NPL5;UP;2548;PentadesmaReindersii;1.557;50.055;32.14836224;15570;500550;675.2;23.05983412;741.3359005;6257.28;1980.99;3766.01;31.04;195.96;908.03;413.27;343.42;0.690380859;0.6828;17.62279772;37.5
Mixed;NPL5;UP;2550;SyzygiumGuineense;1.876;124.098;66.15031983;18760;1240980;820.17;22.87330675;1513.076557;4785.34;2170.92;5565.01;40.5;220.74;251.11;419.2;425.27;0.76986855;0.6097;18.05372299;39.6
Mixed;NPL5;UP;2574;MelchioraSchliebenii ;1.808;45.36;25.08849558;18080;453600;793.43;22.78713938;571.6950456;7286.29;2319.83;2382.17;11.33;192.69;102.01;612.07;207.8;0.765985234;0.6296;18.03378099;39.5
Mixed;NPL5;UP;2605;Cleistanthus Polystachyus;1.895;49.145;25.93403694;18950;491450;963.92;19.65930783;509.8452154;3540.6;6646.78;14889.53;83.9;363.57;242.38;637.64;374.76;0.198343659;0.6518;12.70140697;20.1
Mixed;NPL5;UP;2606;MelchioraSchliebenii ;1.721;50.342;29.25159791;17210;503420;666.11;25.83657354;755.7610605;5410.95;1752.21;4010.35;23.44;279.34;808.71;314.5;347.71;1.856848359;0.6296;21.37608378;61.5
Mixed;NPL5;UP;2607;CleistanthusPolystachyus;1.882;48.696;25.87460149;18820;486960;886.77;21.22309054;549.1390101;6466.75;3873.18;15847.44;116.33;293.68;175.45;1634.33;396.66;0.110460938;0.6518;10.54542598;15
Mixed;NPL5;UP;2610;CleistanthusPolystachyus;1.835;48.296;26.31934605;18350;482960;793.49;23.12568526;608.6529131;3117.41;1004.05;2162.11;13.65;270.99;194.96;280.74;434.76;0.294685234;0.6518;14.23669098;24.5
Mixed;NPL5;UP;2646;PentadesmaReindersii;1.718;45.478;26.47147846;17180;454780;813.77;21.1116163;558.8556963;6861.09;1541.69;3273.76;14.93;160.52;95.19;87.72;621.53;0.133657734;0.6828;11.2294426;16.5
Mixed;NPL5;UP;2648;CleistanthusPolystachyus;1.594;48.642;30.51568381;15940;486420;750.34;21.24370285;648.2661194;6449.43;2873.72;6404.95;23.21;146.97;177.92;450.59;469.93;0.1134262;0.6518;10.63932536;15.2
Mixed;NPL5;UP;2650;SyzygiumGuineense;1.472;48.103;32.67866848;14720;481030;1055.75;13.94269477;455.6287;11690.18;2443.02;6038.48;27.63;264.43;252.59;45.39;416.38;0.141880938;0.6097;11.44752442;17
Mixed;NPL2;PL;2662;SericantheLeonardii;2;49.2;24.6;20000;492000;1005.85;19.88368047;489.1385395;10294.73;372.61;16038.69;91.63;258.59;205.65;46.83;2343.6;0.157301284;0.6066;11.82841744;17.9
Mixed;NPL2;PL;2673;SyzygiumGuineense;1.971;48.063;24.38508371;19710;480630;666.57;29.56928755;721.0495522;7312.4;2406.39;3656.2;13.89;142.84;1253.78;468.18;142.84;0.73907695;0.6097;17.89259708;38.8
Mixed;NPL2;PL;2685;CleistanthusPolystachyus;1.996;48.924;24.51102204;19960;489240;1224.41;16.301729;399.5720388;5812.44;2848.3;4404.27;17.98;187.76;141.82;93.88;457.41;0.487132734;0.6518;16.23354148;31.5
Mixed;NPL2;PL;2687;CleistanthusPolystachyus;0.017;0.023;1.352941176;170;230;957.24;0.177593916;0.240274121;5168.68;1013.54;1916.41;13.59;126.21;75.72;126.21;574.73;0.636255;0.6518;17.29858966;36
Mixed;NPL2;PL;2715;CleistanthusPolystachyus;4.279;101.356;23.68684272;42790;1013560;1001.74;42.71567473;1011.799469;5349.06;1028.81;2338.04;15.47;284.28;175.98;168.25;754.21;0.654051484;0.6518;17.40824588;36.5
Mixed;NPL2;PL;2727;SyzygiumGuineense;1.572;47.521;30.22964377;15720;475210;810.13;19.40429314;586.5848691;5681.01;2418.23;6683.54;26.33;157.97;141.77;390.89;228.86;0.56752375;0.6097;16.8432591;34
Mixed;NPL3;PL;2733;CleistanthusPolystachyus;2.211;48.013;21.71551334;22110;480130;1016.07;21.76031179;472.536341;5542.18;1509.36;4386.58;21.62;224.05;145.43;514.91;790.06;0.056207434;0.6518;8.292115516;10.7
Mixed;NPL3;PL;2734;CleistanthusPolystachyus;2;49.2;24.6;20000;492000;880.8;22.70663034;558.5831063;4752.51;1755.86;4471.04;17.23;237.43;164.67;618.48;2217.33;0.591132934;0.6518;17.00574712;34.7
Mixed;NPL3;PL;2741;ParinariExcelsa;1.925;46.94;24.38441558;19250;469400;1409.03;13.66188087;333.1369808;13626.71;2009.39;3928.94;30.63;204.21;181.74;30.63;1055.75;3.30106375;0.7019;23.27590235;82
Mixed;NPL3;PL;2746;CleistanthusPolystachyus;2.034;48.213;23.70353982;20340;482130;914.25;22.24774405;527.3502871;3548.5;1519.06;3237.05;14.07;158.74;86.4;430;1079.02;0.059403438;0.6518;8.465645526;11
Mixed;NPL3;PL;2762;Cleistanthus Polystachyus;2.035;49.323;24.23734644;20350;493230;1228.03;16.5712564;401.6432823;10761.08;3282;7253.28;43.58;130.73;69.32;136.67;305.03;0.210361809;0.6518;12.92632621;20.7
Mixed;NPL3;PL;2769;DiospyrosGabunensis;2.431;49.147;20.21678322;24310;491470;795.71;30.55133152;617.6496462;11231.27;1984.32;3268.18;11.91;148.82;674.67;416.71;299.63;0.7855;0.634;18.13293248;40
Mixed;NPL3;PL;2771;DiospyrosGabunensis;2.939;49.959;16.99863899;29390;499590;919.26;31.97136827;543.4697474;8714.94;2203.82;4339.4;10.04;281;539.92;477.7;511.82;0.177228438;0.634;12.2747551;19
Mixed;NPL3;PL;2789;DiospyrosGabunensis;2.568;49.661;19.33839564;25680;496610;766.15;33.51824055;648.1889969;7109.91;2314.48;3174.89;12.03;314.88;643.8;589.65;437.22;0.22064695;0.634;13.10974754;21.2
Mixed;NPL9;MS;2797;StrombosiaScheffleri;3.827;48.742;12.73634701;38270;487420;1577.51;24.25975113;308.9806087;7008.76;922.36;1391.46;15.83;292.94;120.74;120.74;294.92;0.574220138;0.584;16.8900367;34.2
Mixed;NPL9;MS;2805;CleistanthusPolystachyus;2.143;48.792;22.76808213;21430;487920;816.16;26.25710645;597.8239561;9033.12;2532.55;5528.56;82.03;1008.92;282.99;100.48;467.55;0.1134262;0.6518;10.63932536;15.2
Mixed;NPL9;MS;2806;CleistanthusPolystachyus;2.128;48.947;23.00140977;21280;489470;1090.76;19.50933294;448.7421614;6791.4;1017.12;2679.14;13.93;264.73;177.15;398.09;2233.28;0.231177559;0.6518;13.2896428;21.7
Mixed;NPL9;MS;2807;ParinariExcelsa;1.727;45.225;26.18702953;17270;452250;1895.83;9.109466566;238.54987;23213.84;1407.75;3150.254;64.54;219.84;292.44;38.32;296.48;3.23696695;0.7019;23.21608449;81.2
Mixed;NPL9;MS;2808;CleistanthusPolystachyus;1.916;48.242;25.17849687;19160;482420;878;21.82232346;549.453303;5873.59;852.52;1520.82;13.72;246.94;164.63;233.22;613.42;0.224829738;0.6518;13.18212263;21.4
Mixed;NPL9;MS;2855;StrombosiaScheffleri;3.392;48.775;14.37942217;33920;487750;1425.79;23.79031975;342.0910513;6658.24;999.81;1966.54;15.56;324.84;173.12;229.53;258.7;0.23761375;0.584;13.39593246;22
Mixed;NPL9;MS;2859;StrombosiaScheffleri;3.622;46.732;12.90226394;36220;467320;1073.97;33.72533683;435.1331974;8129.26;1950.56;4185.57;19.35;238.01;189.64;149;1139.76;0.398763984;0.584;15.43492153;28.5
Mixed;NPL6;UP;2882;DiospyrosGabunensis;2.319;49.723;21.44156964;23190;497230;878.11;26.40899204;566.250242;6621.89;3141.54;5649.56;14.03;392.94;501.2;928.23;435.04;0.287512638;0.5899;14.13983694;24.2
Mixed;NPL6;UP;2883;DiospyrosGabunensis;2.139;49.565;23.17204301;21390;495650;810.86;26.37939965;611.2645833;6205.47;2670.73;4434.17;11.81;171.23;513.68;513.68;352.29;0.287512638;0.5899;14.13983694;24.2
Mixed;NPL6;UP;2884;StrombosiaScheffleri;3.333;48.644;14.59465947;33330;486440;1322.41;25.20398364;367.8435584;8983.81;1369.22;3526.43;23.41;204.8;152.14;358.88;243.81;0.591132934;0.584;17.00574712;34.7
Mixed;NPL6;UP;2887;SyzygiumGuineense;1.848;47.107;25.49080087;18480;471070;791.32;23.35338422;595.2964667;10054.71;1250.49;4765.53;19.54;220.79;228.6;103.56;429.86;3.464055;0.6097;23.42127935;84
Mixed;NPL6;UP;2890;StrombosiaScheffleri;3.169;48.707;15.36983275;31690;487070;1406.31;22.53414965;346.3461115;8276.2;1232.96;1996.49;15.58;381.77;225.94;144.14;292.17;0.20430855;0.584;12.81453419;20.4
Mixed;NPL6;UP;2900;StrombosiaScheffleri;3.534;47.99;13.5795133;35340;479900;1891.08;18.68773399;253.7703323;9443.74;1619.26;3219.1;17.47;192.21;133.97;258.23;217.45;0.6940678;0.584;17.64391174;37.6
Mixed;NPL6;UP;2907;DiospyrosGabunensis;2.01;51.109;25.42736318;20100;511090;1255.52;16.00930292;407.0743596;13774.63;2011.49;5174.03;17.09;112.07;58.88;18.99;360.89;0.534630938;0.5899;16.60503056;33
Mixed;NPL6;UP;2915;CleistanthusPolystachyus;1.835;47.594;25.93678474;18350;475940;997.98;18.38714203;476.9033448;5193.55;1518.15;5532.26;22.18;266.13;183.47;530.24;989.92;0.398763984;0.6518;15.43492153;28.5
Mixed;NPL6;UP;2924;SyzygiumGuineense;1.613;48.419;30.01797892;16130;484190;560.04;28.80151418;864.5632455;4125.91;2725.8;5128.51;21.54;242.82;209.53;749.99;342.68;0.636255;0.6097;17.29858966;36
Mixed;NPL6;UP;2925;CleistanthusPolystachyus;2.36;48.059;20.36398305;23600;480590;923.41;25.55744469;520.4513705;7726.15;3596.55;11360.35;91.15;295.25;215.99;57.47;317.05;0.601398438;0.6518;17.07434015;35
Mixed;NPL6;UP;2940;CleistanthusPolystachyus;2.26;47.536;21.03362832;22600;475360;1077.78;20.96902893;441.0547607;8511.75;1882.24;3861.4;17.45;271.38;189.97;531.14;608.67;1.03882375;0.6518;19.22255681;46
Felsic;UPL1;PL;2952;ChryssophylumAlbidum;2.325;49.224;21.1716129;23250;492240;1271.32;18.28807853;387.1881194;9849.86;1733.03;7386.47;53.79;141.7;89.22;46.57;164.65;1.016363359;0.6023;19.13828877;45.5
Felsic;UPL1;PL;2955;RauwolfiaVomitoria;2.141;60.377;28.20037366;21410;603770;2082.57;10.2805668;289.9158252;29461.15;2606.17;18601.45;155.5;320.85;236.21;104.33;456.67;1.623162109;0.4863;20.89458544;57.5
Felsic;UPL1;PL;2963;AphaniaSenegalensis;2.325;45.986;19.77892473;23250;459860;801;29.02621723;574.1073658;9551.94;2487.11;3898.87;16.02;270.34;206.26;490.61;274.34;0.073071138;0.518;9.133336642;12.2
Felsic;UPL1;PL;2964;BanquetredendronOblanceolatum;1.97;45.332;23.01116751;19700;453320;1026.05;19.19984406;441.8108279;12829.62;2772.73;9973.05;83.84;291.45;205.61;89.83;544.96;0.15906375;0.518;11.86984612;18
Felsic;UPL1;PL;2965;BanquetredendronOblanceolatum;2.365;50.107;21.18689218;23650;501070;862.56;27.41838249;580.9103135;9146.28;3047.45;6643.09;56.98;473.52;182.73;82.52;540.33;0.054125859;0.518;8.174885438;10.5
Felsic;UPL1;PL;2973;CeltisDurandii;2.507;36.65;14.61906661;25070;366500;1119.71;22.38972591;327.3168946;11432.74;2593.84;6819.53;58.42;83.73;54.53;210.31;525.78;1.066100238;0.45;19.3222374;46.6
Felsic;UPL1;PL;2991;UvariopsisCongnesis;3.033;42.271;13.93702605;30330;422710;1177.88;25.74965192;358.8735695;15246.72;1518.11;17401.51;139.28;389.97;242.74;73.62;2306.01;0.306835938;0.518;14.3958064;25
Felsic;UPL1;PL;3003;AphaniaSenegalensis;2.426;45.017;18.55605936;24260;450170;3011.28;8.056374698;149.4945671;17978.62;4755.49;18356.76;372.2;326.67;194.02;49.5;437.54;0.1520728;0.518;11.70307508;17.6
Felsic;UPL1;PL;3007;UvariopsisCongnesis;3.505;44.29;12.63623395;35050;442900;1756.78;19.95127449;252.1089721;20446.41;1860.69;7673.66;65.42;280.93;71.19;32.71;1193;0.09622375;0.518;10.06266529;14
Felsic;UPL1;PL;3008;CeltisDurandii;3.497;42.586;12.17786674;34970;425860;3202.76;10.91870761;132.9665663;25555.02;3344.51;9529.74;65.13;273.92;130.26;88.11;1082.27;0.10753495;0.45;10.45066057;14.8
Felsic;UPL1;PL;3010;CeltisDurandii;2.6;47.2;18.15384615;26000;472000;2305.82;11.27581511;204.6994128;20419.24;2481.75;10452.93;93.58;574.58;155.34;69.25;802.92;0.214446409;0.45;13.00012498;20.9
Felsic;UPL1;PL;3011;CeltisDurandii;3.877;42.704;11.01470209;38770;427040;2235.27;17.34466082;191.0462718;24488.38;1333.65;5766.61;45.08;227.28;84.53;35.69;948.58;0.06606055;0.45;8.804638542;11.6
Felsic;UPL1;PL;3012;MarkhamiaPlatycalyx;3.051;46.125;15.1179941;30510;461250;2519.69;12.10863241;183.0582334;19367.14;1686.31;9961.36;62.6;170.2;117.38;31.3;473.42;0.1134262;0.5;10.63932536;15.2
Felsic;UPL2;PL;3022;CeltisDurandii;1.552;44.625;28.75322165;15520;446250;825.12;18.8093853;540.8304247;4905.88;1660;20118.99;550.08;212.62;144.35;152.15;1068.96;2.074210938;0.45;21.76286781;65
Felsic;UPL2;PL;3036;UvariopsisCongnesis;3.646;43.898;12.04004388;36460;438980;1512.25;24.10977021;290.2826914;20128.64;2344.97;9409.34;102.13;212.11;161.04;68.74;1343.35;0.11947455;0.534;10.82457835;15.6
Felsic;UPL2;PL;3043;DasylepisEggelingii;2.259;42.24;18.69853918;22590;422400;1107.26;20.40171233;381.4822174;15788.42;4335.98;14065.81;140.54;193.72;155.74;491.9;1889.75;0.060488409;0.64;8.522882473;11.1
Felsic;UPL2;PL;3062;AphaniaSenegalensis;2.228;45.818;20.56463196;22280;458180;2252.22;9.89246166;203.4348332;12654.19;1946.8;3704.43;39.41;1131.03;285.71;147.78;384.24;1.107677734;0.534;19.46888187;47.5
Felsic;UPL2;PL;3088;CeltisDurandii;3.223;52.674;16.34315855;32230;526740;996.08;32.35683881;528.8129468;15149.02;2984.31;4666.67;56.86;221.57;188.24;313.73;566.67;1.485085938;0.45;20.56997992;55
Felsic;UPL4;UP;3101;UvariopsisCongnesis;3.529;44.102;12.49702465;35290;441020;1830.57;19.27814834;240.919495;20048.82;2371.61;9384.72;97.63;158.65;61.02;50.85;2111.26;0.162618138;0.556;11.95218261;18.2
Felsic;UPL4;UP;3102;CeltisDurandii;3.456;40.79;11.80266204;34560;407900;820.55;42.11809152;497.1055999;3011.27;549.62;2811.94;13.55;228.36;193.53;598;719.92;0.50272;0.45;16.35931701;32
Felsic;UPL4;UP;3115;ChryssophylumAlbidum;2.534;50.481;19.92146803;25340;504810;712.06;35.58688875;708.9430666;8365.2;2516.58;5079.98;44.87;300.43;273.12;622.32;557.94;2.029776184;0.6023;21.68791853;64.3
Felsic;UPL4;UP;3118;MonodoraAngolensis;4.103;44.992;10.9656349;41030;449920;3416.8;12.00831187;131.6787638;23318.01;3763.15;6365.81;39.37;98.74;36.81;27.75;448.72;4.11924055;0.49;23.92367485;91.6
Felsic;UPL4;UP;3126;BanquetredendronOblanceolatum;2.155;46.908;21.76705336;21550;469080;1077.15;20.00649863;435.4825233;11066.2;2092.58;28069.69;318.57;248.88;161.27;51.77;1634.64;0.226935859;0.556;13.21810082;21.5
Felsic;UPL4;UP;3135;CeltisDurandii;1.949;30.053;15.41970241;19490;300530;958.08;20.34276887;313.6794422;5403.43;3627.32;26487.36;387.7;397.85;288.24;83.22;3186.85;0.054125859;0.45;8.174885438;10.5
Felsic;UPL4;UP;3138;AphaniaSenegalensis;2.052;69.249;33.74707602;20520;692490;1728.19;11.87369444;400.7024691;21278.94;1800.93;5225.85;55.05;167.12;60.95;33.42;1761.61;0.587730738;0.556;16.98274474;34.6
Felsic;UPL4;UP;3141;UvariopsisCongnesis;3.154;66.591;21.1131896;31540;665910;1675.89;18.81985094;397.3470813;18837.94;2229.25;3926.88;51.38;160.08;69.17;98.81;954.55;0.08554095;0.556;9.659680677;13.2
Felsic;UPL4;UP;3146;UvariopsisCongnesis;3.386;43.541;12.85912581;33860;435410;1193.46;28.3712902;364.8299901;9353.22;2344.56;7337.82;367.66;128.97;69.3;254.09;750.72;0.068358138;0.556;8.915322058;11.8
Felsic;UPL4;UP;3148;TabernaemontanaHolistii;2.532;46.298;18.28515008;25320;462980;1465.09;17.28221474;316.0078903;6714.33;3903.63;20628.73;238.96;605.23;205.66;13.71;1913.62;0.064926484;0.5261;8.748869202;11.5
Felsic;UPL4;UP;3154;ChryssophylumAlbidum;2.389;60.134;25.17120134;23890;601340;1314.82;18.1697875;457.3553794;6268.36;769.31;11112;51.95;191.83;149.87;11.99;243.78;0.071878159;0.6023;9.079246074;12.1
Felsic;UPL4;UP;3155;BanquetredendronOblanceolatum;1.695;65.324;38.53923304;16950;653240;1236.66;13.70627335;528.2292627;16377.21;2629.65;4912.56;50.11;212.46;168.36;54.12;485.04;0.071878159;0.556;9.079246074;12.1
Felsic;UPL5;UP;3157;LovoaBrownii;3.91;74.115;18.95524297;39100;741150;2103.9;18.58453349;352.2743476;22533.84;2412.42;7661.23;139.33;131.37;87.58;59.71;513.54;0.208334238;0.5104;12.88920898;20.6
Felsic;UPL5;UP;3161;MonodoraAngolensis;3.038;43.464;14.30678078;30380;434640;1122.83;27.05663368;387.0933267;12876.77;2550.27;6058.13;49.77;181.17;115.47;437.99;258.81;0.70891375;0.49;17.7277607;38
Felsic;UPL5;UP;3162;BosqueciaPhaberas;3.098;45.8;14.78373144;30980;458000;1827.97;16.94776172;250.5511578;28265.4;5068.92;7576.7;19.76;171.93;308.29;349.79;339.9;1.405185859;0.5139;20.36570991;53.5
Felsic;UPL5;UP;3163;ChryssophylumAlbidum;2.928;49.174;16.79439891;29280;491740;1182.72;24.75649351;415.7704275;16823.77;2495.33;5096.92;55.1;226.31;177.11;135.79;452.62;0.202310434;0.6023;12.77697474;20.3
Felsic;UPL5;UP;3171;FuntumiaLatifolia;2.049;69.992;34.159102;20490;699920;963.06;21.27593296;726.7667643;18690.16;3774.97;8058.8;62.19;301.55;116.85;405.2;2548.06;0.135282738;0.424;11.27344051;16.6
Felsic;UPL5;UP;3175;EhretiaCymosariter;1.675;41.73;24.91343284;16750;417300;5127.39;3.266769253;81.38643637;26334.89;5050.06;11297.71;91.21;231.98;132.84;25.78;1048.87;1.634473309;0.5195;20.91973605;57.7
Felsic;UPL5;UP;3181;CeltisDurandii;5.867;43.266;7.37446736;58670;432660;1733.12;33.85224335;249.6422637;27160.33;1200.86;8617.05;61.63;270.8;102.72;26.15;967.41;0.08554095;0.45;9.659680677;13.2
Felsic;UPL5;UP;3184;TabernaemontanaHolistii;3.005;44.786;14.90382696;30050;447860;3051.23;9.848487331;146.780151;21153.49;3621.62;5336.72;56.65;519.61;173.85;128.93;1058.75;0.058328284;0.5261;8.40810719;10.9
Felsic;UPL5;UP;3188;PseudospondiasMicrocarpa;1.815;40.215;22.15702479;18150;402150;1415.33;12.8238644;284.1386814;6427.88;3726.59;19619.62;231.7;575.4;193.09;13.52;1562.08;1.22734375;0.5139;19.858963;50
Felsic;UPL5;UP;3192;UvariopsisCongnesis;2.764;42.304;15.30535456;27640;423040;975.75;28.326928;433.5536767;12129.51;3561.9;12633.25;103.13;144.78;111.06;545.39;394.67;0.20430855;0.5139;12.81453419;20.4
Felsic;UPL10;V;3215;CeltisDurandii;2.019;32.434;16.06438831;20190;324340;946.45;21.33234719;342.6911089;4253.16;2829.6;22017.53;208.37;204.48;173.32;288.22;1187.93;0.226935859;0.45;13.21810082;21.5
Felsic;UPL10;V;3225;RauwolfiaVomitoria;2.551;44.043;17.26499412;25510;440430;1972.92;12.93007319;223.2376376;21813.14;2103.05;8894.42;38.27;91.85;44.01;26.79;933.84;0.059403438;0.4863;8.465645526;11
Felsic;UPL10;V;3226;ChryssophylumAlbidum;2.83;50.335;17.78621908;28300;503350;1107.87;25.54451335;454.3403107;22052.14;2171.73;19706.29;403.73;254.48;221.96;30.61;2550.59;0.309295534;0.6023;14.42728913;25.1
Felsic;UPL10;V;3227;Margrituria;2.941;63.458;21.57701462;29410;634580;675.56;43.53425306;939.3392149;8790.1;2059.69;6165.49;48.53;132.01;106.77;58.24;180.54;0.7855;0.5536;18.13293248;40
Felsic;UPL10;V;3230;AphaniaSenegalensis;2.109;46.178;21.89568516;21090;461780;1259.1;16.75005957;366.7540307;8370.21;1652.45;7066.76;53.99;161.97;104.12;107.98;291.15;0.25520895;0.5536;13.67352445;22.8
Felsic;UPL11;V;3232;UvariopsisCongnesis;3.466;44.618;12.87305251;34660;446180;1296.37;26.73619414;344.1764311;10785.39;3099.92;9271.39;365.25;158.97;134.37;236.56;1334.22;0.0530998;0.5368;8.115798965;10.4
Felsic;UPL11;V;3234;FuntumiaLatifolia;1.748;48.022;27.47254005;17480;480220;940.15;18.59277775;510.7908313;4450.06;1037.2;1817.63;12.13;268.9;161.75;202.18;843.11;0.297095738;0.424;14.26874311;24.6
Felsic;UPL11;V;3236;BanquetredendronOblanceolatum;1.892;46.433;24.54175476;18920;464330;931.34;20.31481521;498.5612129;8563.18;1787.06;10175.12;107.46;193.03;179.1;59.7;302.49;0.23761375;0.5368;13.39593246;22
Felsic;UPL11;V;3237;ChryssophylumAlbidum;2.791;74.227;26.59512719;27910;742270;934.83;29.85569569;794.0160243;14338.65;1751.07;5676.17;65.22;221.35;156.13;73.13;533.62;0.6082912;0.6023;17.11972682;35.2
Felsic;UPL11;V;3239;BanquetredendronOblanceolatum;1.554;46.418;29.87001287;15540;464180;805;19.30434783;576.621118;112.63;23.97;64.07;0.8;1.81;1.26;0.65;7.24;0.289893684;0.5368;14.17223856;24.3
Felsic;UPL11;V;3240;UvariopsisCongnesis;3.169;42.201;13.31681919;31690;422010;1281.1;24.73655452;329.4122239;17074.05;2540.22;11368.04;145.9;157.89;107.92;135.9;1375.04;0.05726295;0.5368;8.350264765;10.8
Felsic;UPL11;V;3243;BanquetredendronOblanceolatum;3.32;38.066;11.46566265;33200;380660;1306.47;25.41198803;291.365282;41414.18;10567.47;36549.32;221.4;464.75;309.17;225.39;566.47;0.100391809;0.5368;10.20986927;14.3
Felsic;UPL11;V;3244;UvariopsisCongnesis;3.454;43.259;12.52431963;34540;432590;1338.71;25.80095764;323.1394402;17059.17;2313.74;10114.02;139.57;202.48;147.43;96.32;1495.97;0.059403438;0.5368;8.465645526;11
Felsic;UPL11;V;3247;BersamaAbyssinica;1.788;40.904;22.87695749;17880;409040;1274.31;14.03112273;320.9893982;4463.99;3645.07;26037.33;308.8;207.17;152.45;50.82;1571.39;0.271120234;0.6175;13.9096878;23.5
Felsic;UPL11;V;3248;TabernaemontanaHolistii;2.25;71.394;31.73066667;22500;713940;957.15;23.50728726;745.9018963;16481.69;2682.75;5812.95;60.31;171.2;126.45;202.32;597.25;0.04909375;0.5261;7.876242664;10
Felsic;UPL11;V;3265;UvariopsisCongnesis;3.516;45.236;12.86575654;35160;452360;1252.17;28.07925441;361.2608512;25014.47;2149.33;6050.55;88.75;94.54;44.38;727.38;526.72;0.100391809;0.5368;10.20986927;14.3
Felsic;UPL11;V;3266;CeltisDurandii;3.676;37.266;10.13764962;36760;372660;900.21;40.8349163;413.9700736;15694.24;2208.89;5381.45;77.33;228.03;212.16;79.31;1056.86;0.082968438;0.45;9.556477238;13
Felsic;UPL11;V;3267;ChryssophylumAlbidum;2.894;50.111;17.3154803;28940;501110;1452.41;19.92550313;345.019657;8765.35;1291.9;12092.98;101.79;299.49;172.25;78.3;448.25;0.344760859;0.6023;14.85656825;26.5
Felsic;UPL11;V;3268;AphaniaSenegalensis;2.137;64.211;30.04726252;21370;642110;1270.5;16.82014955;505.399449;16870.46;3240.88;18335.82;133.21;369.82;163.04;53.68;703.85;0.100391809;0.5368;10.20986927;14.3
Felsic;UPL11;V;3272;DasylepisEggelingii;2.686;42.079;15.66604617;26860;420790;2009.78;13.36464688;209.371175;13846.92;2915.88;7809.6;61.87;163.66;123.74;331.3;305.36;0.060488409;0.64;8.522882473;11.1
Felsic;UPL11;V;3274;UvariopsisCongnesis;3.519;44.926;12.76669508;35190;449260;1744.42;20.17289414;257.5411885;8648.75;4141.06;17428.72;310.68;293.31;156.3;77.19;578.9;0.155548638;0.5368;11.78681352;17.8
Felsic;UPL11;V;3275;CeltisDurandii;2.663;36.767;13.80660909;26630;367670;1301.18;20.46603852;282.5665934;9852.95;2628.11;26558.4;360.45;534.73;251.52;65.36;1418.03;3.547023438;0.45;23.49180259;85
Felsic;UPL6;UP;3277;UvariopsisCongnesis;3.713;44.716;12.04309184;37130;447160;1021.41;36.35170989;437.7869807;17313.52;5183.58;11839.84;86.63;155.12;108.79;1118.11;1621.76;0.192467138;0.5193;12.58691854;19.8
Felsic;UPL6;UP;3278;RitchieaAlbersii;2.228;48.366;21.70825853;22280;483660;1283.56;17.35797314;376.8113684;17380.98;3277.77;19968.06;259.51;475.1;251.52;55.89;1722.73;0.136917559;0.5193;11.31724627;16.7
Felsic;UPL6;UP;3279;BanquetredendronOblanceolatum;1.668;65.638;39.35131894;16680;656380;1213.95;13.74026937;540.6977223;16556.68;3471.68;7924.74;100.22;94.54;35.93;32.15;943.56;0.821245159;0.5193;18.30794781;40.9
Felsic;UPL6;UP;3281;FuntumiaLatifolia;1.699;48.452;28.51795174;16990;484520;1066.88;15.92494001;454.1466707;5604.12;957;1328.6;9.99;129.86;69.93;145.85;447.53;0.326787638;0.424;14.64456776;25.8
Felsic;UPL6;UP;3287;TremaOrientalis;2.346;43.632;18.59846547;23460;436320;1806.85;12.9839223;241.4810305;19468.51;2883.78;6517.43;69.8;221.37;89.74;55.84;1039.04;0.845517109;0.3453;18.42222081;41.5
Felsic;UPL6;UP;3289;TremaOrientalis;2.6;47.2;18.15384615;26000;472000;1189.28;21.8619669;396.8787838;13900.49;2601.63;9503.31;234.45;320.69;345.68;266.41;1202.95;0.194416159;0.3453;12.62523424;19.9
Felsic;UPL6;UP;3308;FremaOrientalis;2.927;44.302;15.13563375;29270;443020;1222.15;23.94959702;362.4923291;19136.97;6234.84;8468.55;9.4;86.49;351.6;116.57;148.54;0.512190184;0.3453;16.43383801;32.3
Felsic;UPL6;UP;3310;FuntumiaLatifolia;2.339;48.429;20.70500214;23390;484290;2314.38;10.10637838;209.252586;24756.6;3262.05;7260.32;38.44;159.55;71.12;136.48;1703.11;0.294685234;0.424;14.23669098;24.5
Felsic;UPL6;UP;3312;UvariopsisCongnesis;3.15;41.389;13.13936508;31500;413890;1447.41;21.76301117;285.952149;9570.45;4901.7;15766.26;173.21;384.25;173.21;97.56;1521.08;0.2290518;0.5193;13.25394059;21.6
Felsic;UPL6;UP;3313;CeltisDurandii;2.431;35.845;14.74496092;24310;358450;1340.81;18.13083136;267.3383999;7955.12;5669.94;27577.37;336.61;542.31;276.76;57.97;1466.11;1.26693295;0.45;19.97868658;50.8
Felsic;UPL6;UP;3314;ChryssophylumAlbidum;2.686;49.086;18.274758;26860;490860;1961.24;13.69541719;250.2804348;12085.27;1866.28;4269.38;23.26;122.09;50.39;455.43;294.57;0.216503438;0.6023;13.03680834;21
Felsic;UPL6;UP;3315;CeltisDurandii;2.961;38.3;12.93481932;29610;383000;1562.91;18.94542872;245.0556974;22860.78;3458.36;17888.41;207.35;999.56;461.64;88.02;1664.63;0.646903434;0.45;17.36457713;36.3
Felsic;UPL6;UP;3335;BanquetredendronOblanceolatum;2.326;47.285;20.3288908;23260;472850;1262.52;18.42347052;374.5287203;15364.26;2112.63;20649.74;79.76;342.38;202.31;361.83;957.11;0.727692109;0.5193;17.83122493;38.5
Felsic;UPL6;UP;3339;BanquetredendronOblanceolatum;2.096;47.663;22.73998092;20960;476630;2879.23;7.279724093;165.5407869;44789.52;2085.57;11256.95;133.92;785.78;293.44;57.11;1028.01;0.076708984;0.5193;9.293988599;12.5
Felsic;UPL6;UP;3350;BanquetredendronOblanceolatum;1.863;46.373;24.89157273;18630;463730;1137.05;16.38450376;407.836067;11591.28;2369.01;6227.6;54.24;102.66;60.05;428.09;207.26;0.050080534;0.5193;7.936619198;10.1
Felsic;UPL12;V;3356;UvariopsisCongnesis;3.438;45.476;13.22745782;34380;454760;1153.42;29.80700872;394.2709507;17029.27;2444.8;11614.7;149.45;208.84;149.45;162.86;2385.4;0.067204434;0.5247;8.860122003;11.7
Felsic;UPL12;V;3357;UvariopsisCongnesis;3.273;43.313;13.23342499;32730;433130;2013.2;16.25769919;215.1450427;20510.86;3822.86;10160.71;106.81;338.56;106.81;334.53;1690.77;0.064926484;0.5247;8.748869202;11.5
Felsic;UPL12;V;3360;ChryssophylumAlbidum;2.816;49.032;17.41193182;28160;490320;890.79;31.612389;550.4327619;6766.6;3327.15;11450.87;85.65;512.02;215.08;70.43;317.87;0.064926484;0.6023;8.748869202;11.5
Felsic;UPL12;V;3365;CeltisDurandii;2.255;35.511;15.74767184;22550;355110;870.09;25.91685918;408.1301934;7629.41;3444.11;20630.41;312.19;366.57;336.35;114.8;2777.44;0.518552734;0.45;16.4831314;32.5
Felsic;UPL12;V;3366;UvariopsisCongnesis;2.297;44.848;19.5245973;22970;448480;2101.07;10.93252486;213.4531453;21653.55;2423.44;5427.14;51.2;210.49;106.19;39.82;1558.74;2.552094409;0.5247;22.46152867;72.1
Felsic;UPL12;V;3370;BanquetredendronOblanceolatum;1.892;45.964;24.29386892;18920;459640;1098.68;17.2206648;418.3565733;11725.04;695.64;3369.67;25.19;329.41;197.65;29.07;434.05;0.206316484;0.5247;12.85194529;20.5
Felsic;UPL12;V;3372;ChryssophylumAlbidum;2.693;49.127;18.24248051;26930;491270;621.54;43.32786305;790.407697;6345.54;662.33;1687.87;77.69;229.19;143.73;54.38;2134.6;0.672093438;0.6023;17.51630383;37
Felsic;UPL12;V;3373;AphaniaSenegalensis;2.029;43.556;21.46673238;20290;435560;1319.63;15.37552193;330.0622144;9116.01;5987.27;20413.12;422.91;199.71;129.22;127.26;497.31;0.11947455;0.5247;10.82457835;15.6
Felsic;UPL12;V;3376;FuntumiaLatifolia;1.838;47.823;26.01904244;18380;478230;934.91;19.65964638;511.5251735;4404.34;1218.93;2051.28;27.61;244.58;153.85;311.64;457.59;0.976553238;0.424;18.98378622;44.6
Felsic;UPL12;V;3377;BanquetredendronOblanceolatum;1.741;46.444;26.67662263;17410;464440;941.94;18.48313056;493.067499;9229.41;1627.34;8581.22;72.46;178.2;142.96;45.04;252.62;0.518552734;0.5247;16.4831314;32.5
Felsic;UPL12;V;3378;ChryssophylumAlbidum;3.153;49.876;15.81858547;31530;498760;1627.96;19.36779773;306.3711639;11163.97;3029.82;9775.31;105.52;171.46;126.24;88.56;770.64;0.357893438;0.6023;15.00487567;27
Felsic;UPL12;V;3390;BanquetredendronOblanceolatum;1.719;46.545;27.07678883;17190;465450;1088.68;15.78976375;427.5360988;4782.57;1538.62;10752.23;118.51;226.98;190.82;120.52;315.36;0.239778784;0.5247;13.43109279;22.1
Felsic;UPL12;V;3393;TabernaemontanaHolistii;2.435;63.452;26.05831622;24350;634520;1449.66;16.79704207;437.7026337;15681.23;6289.64;11092.6;13.64;101.32;227.97;1046.32;249.4;0.086841934;0.5261;9.710906784;13.3
Felsic;UPL12;V;3395;FuntumiaLatifolia;2.24;48.18;21.50892857;22400;481800;2053.37;10.90889611;234.6386672;26540.75;2235.46;8705.51;114.29;114.29;44.55;19.37;627.63;0.39597055;0.424;15.40692321;28.4
Felsic;UPL3;PL;3399;CheatachmeAristata;2.801;38.155;13.62192074;28010;381550;1365.3;20.51563759;279.4623892;23984.94;3717.43;17035.57;338.85;194.19;112.95;59.45;970.97;0.319232109;0.5787;14.55210658;25.5
Felsic;UPL3;PL;3413;HarrisoniaAbyssinica;1.975;45.772;23.1756962;19750;457720;1573.73;12.54980206;290.8504;14219.93;1847.68;18080.44;120.46;613.95;254.52;71.89;880.12;0.371271484;0.785;15.15066004;27.5
Felsic;UPL3;PL;3425;FicusBrachypus;2.093;41.909;20.02341137;20930;419090;1254;16.69059011;334.2025518;7938.16;1349.43;10207.57;62.99;536.34;229.04;72.53;313.02;1.767375;0.4055;21.20070509;60
Felsic;UPL3;PL;3429;BanquetredendronOblanceolatum;2.077;46.046;22.1694752;20770;460460;1381.37;15.03579779;333.3357464;17053.53;1950.84;9929.3;38.48;240.49;155.84;515.61;871.53;0.06606055;0.5787;8.804638542;11.6
Felsic;UPL7;MS;3488;DiospyrosAbyssinica;2.641;47.582;18.01666036;26410;475820;1341.31;19.68970633;354.7427515;15662.32;1194.23;13311.11;178.45;458.87;309.83;119.62;1466.81;0.636255;0.6;17.29858966;36
Felsic;UPL7;MS;3489;PterygotaMildbraedii;2.464;47.315;19.20251623;24640;473150;1188.5;20.73201515;398.1068574;12190.94;2123.72;16635.17;101.32;216.27;146.13;245.49;535.8;0.235458534;0.6;13.3606379;21.9
Felsic;UPL7;MS;3490;TecleaNobilis;2.014;40.575;20.14647468;20140;405750;1039.77;19.36966829;390.2305318;11452.96;3103.78;26339.48;100.87;219.2;180.41;102.81;1119.3;0.130437184;0.745;11.14086469;16.3
Felsic;UPL7;MS;3491;DiospyrosAbyssinica;2.976;48.274;16.22110215;29760;482740;1228.19;24.23077863;393.0499353;5056.68;934.45;1462.79;11.83;185.31;134.06;238.54;818.14;0.071878159;0.6;9.079246074;12.1
Felsic;UPL7;MS;3493;DiospyrosAbyssinica;2.19;49.032;22.3890411;21900;490320;1077.41;20.32652379;455.0913765;11126.65;4561.75;23265.71;189.09;155.6;128.03;466.81;490.45;0.168023359;0.6;12.07440291;18.5
Felsic;UPL7;MS;3497;CheatachmeAristata;2.205;56.794;25.7569161;22050;567940;1092.68;20.17974155;519.7679101;15705.37;2675.12;5912.2;44.88;146.34;107.32;130.73;495.61;0.319232109;0.612;14.55210658;25.5
Felsic;UPL7;MS;3501;DiospyrosAbyssinica;2.978;47.818;16.05708529;29780;478180;1599.76;18.61529229;298.9073361;12891.84;2710.82;10721.59;89.76;229.39;145.61;999.35;552.54;0.100391809;0.6;10.20986927;14.3
Felsic;UPL7;MS;3502;StrombosiaScheffleri;3.128;43.448;13.89002558;31280;434480;2361.71;13.24464054;183.9683958;20810.1;4884.45;13031.16;101.39;268.38;107.35;495.01;272.35;0.056207434;0.584;8.292115516;10.7
Felsic;UPL7;MS;3503;DiospyrosAbyssinica;2.674;47.466;17.75093493;26740;474660;1018.53;26.25352223;466.0245648;17519.49;3575.98;7368.63;93.15;417.13;356.38;277.41;573.05;0.051077138;0.6;7.996668776;10.2
Felsic;UPL7;MS;3522;ChryssophylumAlbidum;2.841;45.955;16.17564238;28410;459550;1071.69;26.50953167;428.808704;6770.06;2210.25;6211;22.29;139.3;76.15;365.9;579.49;0.110460938;0.6023;10.54542598;15
Felsic;UPL7;MS;3550;UvariopsisCongnesis;3.528;43.825;12.42205215;35280;438250;1552.99;22.71746759;282.1975673;20080.36;3320.94;9410.35;66.3;182.82;68.31;385.74;1557.01;0.067204434;0.612;8.860122003;11.7
Felsic;UPL7;MS;3551;MonodoraAngolensis;3.204;44.532;13.8988764;32040;445320;3143.93;10.19106659;141.644375;26600.67;3741.83;14137.79;79.19;164.32;108.89;122.75;465.25;1.029810138;0.49;19.18898189;45.8
Felsic;UPL7;MS;3552;DrypetesUgendensis;2.591;41.645;16.07294481;25910;416450;2072.69;12.50066339;200.9224727;20888.15;2808.61;5191.79;44.36;211.7;54.44;66.54;1399.26;0.082968438;0.6945;9.556477238;13
Felsic;UPL8;MS;3588;DiospyrosAbyssinica;2.862;47.186;16.48707198;28620;471860;1229.03;23.28665696;383.9287894;14473.27;4024.58;13661.72;64.38;224.35;107.3;981.27;468.2;0.079183309;0.6;9.399762741;12.7
Felsic;UPL8;MS;3589;TecleaNobilis;2.602;41.962;16.12682552;26020;419620;1023.52;25.42207285;409.9773331;10785.27;2977.89;6910.79;70.52;223.64;193.42;112.83;481.54;0.088152738;0.745;9.761885204;13.4
Felsic;UPL8;MS;3597;UvariopsisCongnesis;3.671;43.213;11.77145192;36710;432130;1238.58;29.63877989;348.8914725;17707.45;2832.72;7023.2;76.19;214.9;156.29;132.84;695.48;0.184769238;0.5775;12.43210347;19.4
Felsic;UPL8;MS;3605;PterygotaMildbraedii;2.773;45.821;16.52398125;27730;458210;1483.57;18.6913998;308.8563398;15925.72;2240.5;17261.95;125.15;129.18;94.87;756.93;322.96;0.10753495;0.5395;10.45066057;14.8
Felsic;UPL8;MS;3606;TecleaNobilis;2.825;42.262;14.96;28250;422620;1129.04;25.021257;374.3180047;13811.52;2254.03;21674.34;58.68;196.27;129.5;596.89;1244.37;0.0908038;0.745;9.863107005;13.6
Felsic;UPL8;MS;3611;TabernaemontanaHolistii;2.595;62.347;24.02581888;25950;623470;1481.2;17.51957872;420.9222252;12099;2657.33;7991.17;234.08;249.42;151.57;141.98;894.09;0.103219609;0.5261;10.3068592;14.5
Felsic;UPL8;MS;3613;UvariopsisCongnesis;3.182;42.321;13.30012571;31820;423210;1447.27;21.98622234;292.4195209;16375.15;4248.51;11745.77;55.22;129.49;59.03;89.5;1725.3;0.056207434;0.5775;8.292115516;10.7
Felsic;UPL8;MS;3614;MonodoraAngolensis;2.695;41.138;15.26456401;26950;411380;1033.13;26.08577817;398.1880305;7106.45;888.06;2938.64;11.76;129.39;86.26;562.63;511.66;0.421464934;0.49;15.6555898;29.3
Felsic;UPL8;MS;3640;ChryssophylumAlbidum;3.127;48.781;15.59993604;31270;487810;948.53;32.96680126;514.2799911;4785.92;1641.1;4450.93;18.82;259.72;184.44;715.16;784.79;0.2123992;0.6023;12.9632979;20.8
Felsic;UPL8;MS;3642;UvariopsisCongnesis;3.689;43.726;11.85307671;36890;437260;1164.86;31.66904177;375.3755816;11455.11;2403.25;10537.93;48.37;141.25;106.42;654.02;239.94;0.077941238;0.5775;9.347006901;12.6
